[{"model": "admin.logentry", "pk": 1, "fields": {"action_time": "2025-01-02T19:53:33.553Z", "user": 1, "content_type": 6, "object_id": "1", "object_repr": "T Shirt", "action_flag": 1, "change_message": "[{\"added\": {}}]"}}, {"model": "admin.logentry", "pk": 2, "fields": {"action_time": "2025-01-02T19:54:48.689Z", "user": 1, "content_type": 6, "object_id": "2", "object_repr": "Jackets", "action_flag": 1, "change_message": "[{\"added\": {}}]"}}, {"model": "admin.logentry", "pk": 3, "fields": {"action_time": "2025-01-02T19:55:41.622Z", "user": 1, "content_type": 6, "object_id": "3", "object_repr": "Shoes", "action_flag": 1, "change_message": "[{\"added\": {}}]"}}, {"model": "admin.logentry", "pk": 4, "fields": {"action_time": "2025-01-02T19:56:40.495Z", "user": 1, "content_type": 6, "object_id": "4", "object_repr": "Jeans", "action_flag": 1, "change_message": "[{\"added\": {}}]"}}, {"model": "admin.logentry", "pk": 5, "fields": {"action_time": "2025-01-02T19:57:16.262Z", "user": 1, "content_type": 6, "object_id": "5", "object_repr": "Shirts", "action_flag": 1, "change_message": "[{\"added\": {}}]"}}, {"model": "admin.logentry", "pk": 6, "fields": {"action_time": "2025-01-02T20:50:57.697Z", "user": 1, "content_type": 8, "object_id": "1", "object_repr": "Mavi Jeans", "action_flag": 1, "change_message": "[{\"added\": {}}]"}}, {"model": "admin.logentry", "pk": 7, "fields": {"action_time": "2025-01-02T20:53:51.098Z", "user": 1, "content_type": 8, "object_id": "2", "object_repr": "ATX Jeans", "action_flag": 1, "change_message": "[{\"added\": {}}]"}}, {"model": "admin.logentry", "pk": 8, "fields": {"action_time": "2025-01-02T20:54:45.843Z", "user": 1, "content_type": 8, "object_id": "3", "object_repr": "Wrangler Shirt", "action_flag": 1, "change_message": "[{\"added\": {}}]"}}, {"model": "admin.logentry", "pk": 9, "fields": {"action_time": "2025-01-02T20:55:43.550Z", "user": 1, "content_type": 8, "object_id": "4", "object_repr": "Blue Shirt", "action_flag": 1, "change_message": "[{\"added\": {}}]"}}, {"model": "admin.logentry", "pk": 10, "fields": {"action_time": "2025-01-02T20:56:23.867Z", "user": 1, "content_type": 8, "object_id": "5", "object_repr": "Great Tshirt", "action_flag": 1, "change_message": "[{\"added\": {}}]"}}, {"model": "admin.logentry", "pk": 11, "fields": {"action_time": "2025-01-02T20:57:15.318Z", "user": 1, "content_type": 8, "object_id": "6", "object_repr": "Jordan Basketball Shoes", "action_flag": 1, "change_message": "[{\"added\": {}}]"}}, {"model": "admin.logentry", "pk": 12, "fields": {"action_time": "2025-01-02T20:57:55.805Z", "user": 1, "content_type": 8, "object_id": "7", "object_repr": "Puma Ferrari Shoes", "action_flag": 1, "change_message": "[{\"added\": {}}]"}}, {"model": "admin.logentry", "pk": 13, "fields": {"action_time": "2025-01-02T20:58:40.113Z", "user": 1, "content_type": 8, "object_id": "8", "object_repr": "Us Polo Assn Jacket", "action_flag": 1, "change_message": "[{\"added\": {}}]"}}, {"model": "admin.logentry", "pk": 14, "fields": {"action_time": "2025-01-08T01:27:27.808Z", "user": 1, "content_type": 11, "object_id": "1", "object_repr": "Red", "action_flag": 1, "change_message": "[{\"added\": {}}]"}}, {"model": "admin.logentry", "pk": 15, "fields": {"action_time": "2025-01-08T01:27:38.393Z", "user": 1, "content_type": 11, "object_id": "2", "object_repr": "Green", "action_flag": 1, "change_message": "[{\"added\": {}}]"}}, {"model": "admin.logentry", "pk": 16, "fields": {"action_time": "2025-01-08T01:27:50.434Z", "user": 1, "content_type": 11, "object_id": "3", "object_repr": "Blue", "action_flag": 1, "change_message": "[{\"added\": {}}]"}}, {"model": "admin.logentry", "pk": 17, "fields": {"action_time": "2025-01-08T01:28:00.872Z", "user": 1, "content_type": 11, "object_id": "4", "object_repr": "Red", "action_flag": 1, "change_message": "[{\"added\": {}}]"}}, {"model": "admin.logentry", "pk": 18, "fields": {"action_time": "2025-01-08T01:28:24.111Z", "user": 1, "content_type": 11, "object_id": "5", "object_repr": "Green", "action_flag": 1, "change_message": "[{\"added\": {}}]"}}, {"model": "admin.logentry", "pk": 19, "fields": {"action_time": "2025-01-08T01:28:32.230Z", "user": 1, "content_type": 11, "object_id": "6", "object_repr": "Blue", "action_flag": 1, "change_message": "[{\"added\": {}}]"}}, {"model": "admin.logentry", "pk": 20, "fields": {"action_time": "2025-01-08T01:28:38.830Z", "user": 1, "content_type": 11, "object_id": "7", "object_repr": "Red", "action_flag": 1, "change_message": "[{\"added\": {}}]"}}, {"model": "admin.logentry", "pk": 21, "fields": {"action_time": "2025-01-08T01:28:50.728Z", "user": 1, "content_type": 11, "object_id": "8", "object_repr": "Blue", "action_flag": 1, "change_message": "[{\"added\": {}}]"}}, {"model": "admin.logentry", "pk": 22, "fields": {"action_time": "2025-01-08T01:29:20.624Z", "user": 1, "content_type": 11, "object_id": "5", "object_repr": "Green", "action_flag": 3, "change_message": ""}}, {"model": "admin.logentry", "pk": 23, "fields": {"action_time": "2025-01-08T01:29:39.447Z", "user": 1, "content_type": 11, "object_id": "9", "object_repr": "Green", "action_flag": 1, "change_message": "[{\"added\": {}}]"}}, {"model": "admin.logentry", "pk": 24, "fields": {"action_time": "2025-01-08T01:29:49.542Z", "user": 1, "content_type": 11, "object_id": "10", "object_repr": "Green", "action_flag": 1, "change_message": "[{\"added\": {}}]"}}, {"model": "admin.logentry", "pk": 25, "fields": {"action_time": "2025-01-08T01:29:57.815Z", "user": 1, "content_type": 11, "object_id": "11", "object_repr": "Blue", "action_flag": 1, "change_message": "[{\"added\": {}}]"}}, {"model": "admin.logentry", "pk": 26, "fields": {"action_time": "2025-01-08T01:30:08.267Z", "user": 1, "content_type": 11, "object_id": "12", "object_repr": "Green", "action_flag": 1, "change_message": "[{\"added\": {}}]"}}, {"model": "admin.logentry", "pk": 27, "fields": {"action_time": "2025-01-08T01:30:15.126Z", "user": 1, "content_type": 11, "object_id": "13", "object_repr": "Blue", "action_flag": 1, "change_message": "[{\"added\": {}}]"}}, {"model": "admin.logentry", "pk": 28, "fields": {"action_time": "2025-01-08T01:30:23.111Z", "user": 1, "content_type": 11, "object_id": "14", "object_repr": "Red", "action_flag": 1, "change_message": "[{\"added\": {}}]"}}, {"model": "admin.logentry", "pk": 29, "fields": {"action_time": "2025-01-08T01:30:32.487Z", "user": 1, "content_type": 11, "object_id": "15", "object_repr": "Green", "action_flag": 1, "change_message": "[{\"added\": {}}]"}}, {"model": "admin.logentry", "pk": 30, "fields": {"action_time": "2025-01-08T01:30:40.229Z", "user": 1, "content_type": 11, "object_id": "16", "object_repr": "Blue", "action_flag": 1, "change_message": "[{\"added\": {}}]"}}, {"model": "admin.logentry", "pk": 31, "fields": {"action_time": "2025-01-08T01:30:48.248Z", "user": 1, "content_type": 11, "object_id": "17", "object_repr": "Green", "action_flag": 1, "change_message": "[{\"added\": {}}]"}}, {"model": "admin.logentry", "pk": 32, "fields": {"action_time": "2025-01-08T01:30:57.208Z", "user": 1, "content_type": 11, "object_id": "18", "object_repr": "Red", "action_flag": 1, "change_message": "[{\"added\": {}}]"}}, {"model": "admin.logentry", "pk": 33, "fields": {"action_time": "2025-01-08T01:31:06.099Z", "user": 1, "content_type": 11, "object_id": "19", "object_repr": "Green", "action_flag": 1, "change_message": "[{\"added\": {}}]"}}, {"model": "admin.logentry", "pk": 34, "fields": {"action_time": "2025-01-08T01:31:16.738Z", "user": 1, "content_type": 11, "object_id": "20", "object_repr": "Red", "action_flag": 1, "change_message": "[{\"added\": {}}]"}}, {"model": "admin.logentry", "pk": 35, "fields": {"action_time": "2025-01-08T01:31:26.502Z", "user": 1, "content_type": 11, "object_id": "21", "object_repr": "Medium", "action_flag": 1, "change_message": "[{\"added\": {}}]"}}, {"model": "admin.logentry", "pk": 36, "fields": {"action_time": "2025-01-08T01:31:32.493Z", "user": 1, "content_type": 11, "object_id": "22", "object_repr": "Small", "action_flag": 1, "change_message": "[{\"added\": {}}]"}}, {"model": "admin.logentry", "pk": 37, "fields": {"action_time": "2025-01-08T01:31:44.496Z", "user": 1, "content_type": 11, "object_id": "23", "object_repr": "Large", "action_flag": 1, "change_message": "[{\"added\": {}}]"}}, {"model": "admin.logentry", "pk": 38, "fields": {"action_time": "2025-01-08T01:33:50.996Z", "user": 1, "content_type": 11, "object_id": "24", "object_repr": "Medium", "action_flag": 1, "change_message": "[{\"added\": {}}]"}}, {"model": "admin.logentry", "pk": 39, "fields": {"action_time": "2025-01-08T01:34:03.190Z", "user": 1, "content_type": 11, "object_id": "25", "object_repr": "Small", "action_flag": 1, "change_message": "[{\"added\": {}}]"}}, {"model": "admin.logentry", "pk": 40, "fields": {"action_time": "2025-01-08T01:34:10.622Z", "user": 1, "content_type": 11, "object_id": "26", "object_repr": "Medium", "action_flag": 1, "change_message": "[{\"added\": {}}]"}}, {"model": "admin.logentry", "pk": 41, "fields": {"action_time": "2025-01-08T01:34:18.516Z", "user": 1, "content_type": 11, "object_id": "27", "object_repr": "Small", "action_flag": 1, "change_message": "[{\"added\": {}}]"}}, {"model": "admin.logentry", "pk": 42, "fields": {"action_time": "2025-01-08T01:34:25.893Z", "user": 1, "content_type": 11, "object_id": "28", "object_repr": "Large", "action_flag": 1, "change_message": "[{\"added\": {}}]"}}, {"model": "admin.logentry", "pk": 43, "fields": {"action_time": "2025-01-08T01:34:33.911Z", "user": 1, "content_type": 11, "object_id": "29", "object_repr": "Medium", "action_flag": 1, "change_message": "[{\"added\": {}}]"}}, {"model": "admin.logentry", "pk": 44, "fields": {"action_time": "2025-01-08T01:34:41.285Z", "user": 1, "content_type": 11, "object_id": "30", "object_repr": "Small", "action_flag": 1, "change_message": "[{\"added\": {}}]"}}, {"model": "admin.logentry", "pk": 45, "fields": {"action_time": "2025-01-08T01:34:48.019Z", "user": 1, "content_type": 11, "object_id": "31", "object_repr": "Large", "action_flag": 1, "change_message": "[{\"added\": {}}]"}}, {"model": "admin.logentry", "pk": 46, "fields": {"action_time": "2025-01-08T01:34:55.068Z", "user": 1, "content_type": 11, "object_id": "32", "object_repr": "Medium", "action_flag": 1, "change_message": "[{\"added\": {}}]"}}, {"model": "admin.logentry", "pk": 47, "fields": {"action_time": "2025-01-08T01:35:02.762Z", "user": 1, "content_type": 11, "object_id": "33", "object_repr": "Small", "action_flag": 1, "change_message": "[{\"added\": {}}]"}}, {"model": "admin.logentry", "pk": 48, "fields": {"action_time": "2025-01-08T01:35:12.930Z", "user": 1, "content_type": 11, "object_id": "34", "object_repr": "Large", "action_flag": 1, "change_message": "[{\"added\": {}}]"}}, {"model": "admin.logentry", "pk": 49, "fields": {"action_time": "2025-01-08T01:35:20.390Z", "user": 1, "content_type": 11, "object_id": "35", "object_repr": "Medium", "action_flag": 1, "change_message": "[{\"added\": {}}]"}}, {"model": "admin.logentry", "pk": 50, "fields": {"action_time": "2025-01-08T01:35:40.485Z", "user": 1, "content_type": 11, "object_id": "36", "object_repr": "Large", "action_flag": 1, "change_message": "[{\"added\": {}}]"}}, {"model": "admin.logentry", "pk": 51, "fields": {"action_time": "2025-01-08T01:35:50.721Z", "user": 1, "content_type": 11, "object_id": "37", "object_repr": "Medium", "action_flag": 1, "change_message": "[{\"added\": {}}]"}}, {"model": "admin.logentry", "pk": 52, "fields": {"action_time": "2025-01-08T01:35:59.609Z", "user": 1, "content_type": 11, "object_id": "38", "object_repr": "Small", "action_flag": 1, "change_message": "[{\"added\": {}}]"}}, {"model": "admin.logentry", "pk": 53, "fields": {"action_time": "2025-01-08T01:36:10.872Z", "user": 1, "content_type": 11, "object_id": "39", "object_repr": "Large", "action_flag": 1, "change_message": "[{\"added\": {}}]"}}, {"model": "admin.logentry", "pk": 54, "fields": {"action_time": "2025-01-08T01:36:20.922Z", "user": 1, "content_type": 11, "object_id": "40", "object_repr": "Medium", "action_flag": 1, "change_message": "[{\"added\": {}}]"}}, {"model": "admin.logentry", "pk": 55, "fields": {"action_time": "2025-01-08T01:36:29.034Z", "user": 1, "content_type": 11, "object_id": "41", "object_repr": "Small", "action_flag": 1, "change_message": "[{\"added\": {}}]"}}, {"model": "admin.logentry", "pk": 56, "fields": {"action_time": "2025-01-08T01:36:34.622Z", "user": 1, "content_type": 11, "object_id": "42", "object_repr": "Large", "action_flag": 1, "change_message": "[{\"added\": {}}]"}}, {"model": "admin.logentry", "pk": 57, "fields": {"action_time": "2025-01-08T12:24:25.071Z", "user": 1, "content_type": 12, "object_id": "35", "object_repr": "Billgate", "action_flag": 3, "change_message": ""}}, {"model": "admin.logentry", "pk": 58, "fields": {"action_time": "2025-01-08T12:24:26.511Z", "user": 1, "content_type": 12, "object_id": "34", "object_repr": "Billgate", "action_flag": 3, "change_message": ""}}, {"model": "admin.logentry", "pk": 59, "fields": {"action_time": "2025-01-08T12:24:27.229Z", "user": 1, "content_type": 12, "object_id": "33", "object_repr": "Billgate", "action_flag": 3, "change_message": ""}}, {"model": "admin.logentry", "pk": 60, "fields": {"action_time": "2025-01-08T12:24:27.966Z", "user": 1, "content_type": 12, "object_id": "32", "object_repr": "Billgate", "action_flag": 3, "change_message": ""}}, {"model": "admin.logentry", "pk": 61, "fields": {"action_time": "2025-01-08T12:24:28.938Z", "user": 1, "content_type": 12, "object_id": "31", "object_repr": "Billgate", "action_flag": 3, "change_message": ""}}, {"model": "admin.logentry", "pk": 62, "fields": {"action_time": "2025-01-08T12:24:30.783Z", "user": 1, "content_type": 12, "object_id": "30", "object_repr": "Billgate", "action_flag": 3, "change_message": ""}}, {"model": "admin.logentry", "pk": 63, "fields": {"action_time": "2025-01-08T12:24:31.428Z", "user": 1, "content_type": 12, "object_id": "29", "object_repr": "Billgate", "action_flag": 3, "change_message": ""}}, {"model": "admin.logentry", "pk": 64, "fields": {"action_time": "2025-01-08T12:24:32.920Z", "user": 1, "content_type": 12, "object_id": "28", "object_repr": "Billgate", "action_flag": 3, "change_message": ""}}, {"model": "admin.logentry", "pk": 65, "fields": {"action_time": "2025-01-08T12:24:33.919Z", "user": 1, "content_type": 12, "object_id": "27", "object_repr": "Billgate", "action_flag": 3, "change_message": ""}}, {"model": "admin.logentry", "pk": 66, "fields": {"action_time": "2025-01-08T12:24:34.553Z", "user": 1, "content_type": 12, "object_id": "26", "object_repr": "Billgate", "action_flag": 3, "change_message": ""}}, {"model": "admin.logentry", "pk": 67, "fields": {"action_time": "2025-01-08T12:24:35.666Z", "user": 1, "content_type": 12, "object_id": "25", "object_repr": "Billgate", "action_flag": 3, "change_message": ""}}, {"model": "admin.logentry", "pk": 68, "fields": {"action_time": "2025-01-08T12:24:36.933Z", "user": 1, "content_type": 12, "object_id": "24", "object_repr": "Billgate", "action_flag": 3, "change_message": ""}}, {"model": "admin.logentry", "pk": 69, "fields": {"action_time": "2025-01-08T12:24:39.992Z", "user": 1, "content_type": 12, "object_id": "23", "object_repr": "Billgate", "action_flag": 3, "change_message": ""}}, {"model": "admin.logentry", "pk": 70, "fields": {"action_time": "2025-01-08T12:24:41.812Z", "user": 1, "content_type": 12, "object_id": "22", "object_repr": "Billgate", "action_flag": 3, "change_message": ""}}, {"model": "admin.logentry", "pk": 71, "fields": {"action_time": "2025-01-08T12:24:42.453Z", "user": 1, "content_type": 12, "object_id": "21", "object_repr": "Billgate", "action_flag": 3, "change_message": ""}}, {"model": "admin.logentry", "pk": 72, "fields": {"action_time": "2025-01-08T12:24:43.280Z", "user": 1, "content_type": 12, "object_id": "20", "object_repr": "Billgate", "action_flag": 3, "change_message": ""}}, {"model": "admin.logentry", "pk": 73, "fields": {"action_time": "2025-01-08T12:24:44.021Z", "user": 1, "content_type": 12, "object_id": "19", "object_repr": "Billgate", "action_flag": 3, "change_message": ""}}, {"model": "admin.logentry", "pk": 74, "fields": {"action_time": "2025-01-08T12:24:44.780Z", "user": 1, "content_type": 12, "object_id": "18", "object_repr": "Billgate", "action_flag": 3, "change_message": ""}}, {"model": "admin.logentry", "pk": 75, "fields": {"action_time": "2025-01-08T12:24:45.690Z", "user": 1, "content_type": 12, "object_id": "17", "object_repr": "Billgate", "action_flag": 3, "change_message": ""}}, {"model": "admin.logentry", "pk": 76, "fields": {"action_time": "2025-01-08T12:24:46.614Z", "user": 1, "content_type": 12, "object_id": "16", "object_repr": "Billgate", "action_flag": 3, "change_message": ""}}, {"model": "admin.logentry", "pk": 77, "fields": {"action_time": "2025-01-08T12:25:30.830Z", "user": 1, "content_type": 12, "object_id": "15", "object_repr": "Billgate", "action_flag": 3, "change_message": ""}}, {"model": "admin.logentry", "pk": 78, "fields": {"action_time": "2025-01-08T12:25:44.899Z", "user": 1, "content_type": 12, "object_id": "14", "object_repr": "Billgate", "action_flag": 3, "change_message": ""}}, {"model": "admin.logentry", "pk": 79, "fields": {"action_time": "2025-01-08T12:25:50.609Z", "user": 1, "content_type": 12, "object_id": "13", "object_repr": "Billgate", "action_flag": 3, "change_message": ""}}, {"model": "admin.logentry", "pk": 80, "fields": {"action_time": "2025-01-08T12:26:02.138Z", "user": 1, "content_type": 12, "object_id": "12", "object_repr": "Billgate", "action_flag": 3, "change_message": ""}}, {"model": "admin.logentry", "pk": 81, "fields": {"action_time": "2025-01-08T12:26:03.415Z", "user": 1, "content_type": 12, "object_id": "11", "object_repr": "Billgate", "action_flag": 3, "change_message": ""}}, {"model": "admin.logentry", "pk": 82, "fields": {"action_time": "2025-01-08T12:26:04.737Z", "user": 1, "content_type": 12, "object_id": "10", "object_repr": "Billgate", "action_flag": 3, "change_message": ""}}, {"model": "admin.logentry", "pk": 83, "fields": {"action_time": "2025-01-08T12:26:05.514Z", "user": 1, "content_type": 12, "object_id": "9", "object_repr": "Billgate", "action_flag": 3, "change_message": ""}}, {"model": "admin.logentry", "pk": 84, "fields": {"action_time": "2025-01-08T12:26:06.157Z", "user": 1, "content_type": 12, "object_id": "8", "object_repr": "Billgate", "action_flag": 3, "change_message": ""}}, {"model": "admin.logentry", "pk": 85, "fields": {"action_time": "2025-01-08T12:26:06.835Z", "user": 1, "content_type": 12, "object_id": "7", "object_repr": "Billgate", "action_flag": 3, "change_message": ""}}, {"model": "admin.logentry", "pk": 86, "fields": {"action_time": "2025-01-08T12:26:07.574Z", "user": 1, "content_type": 12, "object_id": "6", "object_repr": "Billgate", "action_flag": 3, "change_message": ""}}, {"model": "admin.logentry", "pk": 87, "fields": {"action_time": "2025-01-08T12:26:08.287Z", "user": 1, "content_type": 12, "object_id": "5", "object_repr": "Billgate", "action_flag": 3, "change_message": ""}}, {"model": "admin.logentry", "pk": 88, "fields": {"action_time": "2025-01-08T12:26:08.987Z", "user": 1, "content_type": 12, "object_id": "4", "object_repr": "Billgate", "action_flag": 3, "change_message": ""}}, {"model": "admin.logentry", "pk": 89, "fields": {"action_time": "2025-01-08T12:26:09.681Z", "user": 1, "content_type": 12, "object_id": "3", "object_repr": "Billgate", "action_flag": 3, "change_message": ""}}, {"model": "admin.logentry", "pk": 90, "fields": {"action_time": "2025-01-08T12:26:10.380Z", "user": 1, "content_type": 12, "object_id": "2", "object_repr": "Billgate", "action_flag": 3, "change_message": ""}}, {"model": "admin.logentry", "pk": 91, "fields": {"action_time": "2025-01-08T12:26:11.265Z", "user": 1, "content_type": 12, "object_id": "1", "object_repr": "Billgate", "action_flag": 3, "change_message": ""}}, {"model": "admin.logentry", "pk": 92, "fields": {"action_time": "2025-01-08T12:43:14.053Z", "user": 1, "content_type": 12, "object_id": "36", "object_repr": "Billgate", "action_flag": 3, "change_message": ""}}, {"model": "admin.logentry", "pk": 93, "fields": {"action_time": "2025-01-08T13:01:23.289Z", "user": 1, "content_type": 14, "object_id": "1", "object_repr": "Wrangler Shirt", "action_flag": 3, "change_message": ""}}, {"model": "admin.logentry", "pk": 94, "fields": {"action_time": "2025-01-08T13:01:38.983Z", "user": 1, "content_type": 12, "object_id": "37", "object_repr": "Billgate", "action_flag": 3, "change_message": ""}}, {"model": "admin.logentry", "pk": 95, "fields": {"action_time": "2025-01-08T13:01:55.114Z", "user": 1, "content_type": 13, "object_id": "1", "object_repr": "pi_3QeydBCkLgasPhF70tIy08up", "action_flag": 3, "change_message": ""}}, {"model": "admin.logentry", "pk": 96, "fields": {"action_time": "2025-01-08T23:32:21.177Z", "user": 1, "content_type": 16, "object_id": "1", "object_repr": "Billgate", "action_flag": 2, "change_message": "[{\"changed\": {\"fields\": [\"Profile picture\"]}}]"}}, {"model": "admin.logentry", "pk": 97, "fields": {"action_time": "2025-01-09T17:06:58.211Z", "user": 1, "content_type": 7, "object_id": "2", "object_repr": "customer@gmail.com", "action_flag": 3, "change_message": ""}}, {"model": "admin.logentry", "pk": 98, "fields": {"action_time": "2025-01-09T18:08:47.690Z", "user": 1, "content_type": 7, "object_id": "3", "object_repr": "billgateenterprise@gmail.com", "action_flag": 3, "change_message": ""}}, {"model": "admin.logentry", "pk": 99, "fields": {"action_time": "2025-01-09T18:17:33.513Z", "user": 1, "content_type": 7, "object_id": "4", "object_repr": "billgateenterprise@gmail.com", "action_flag": 3, "change_message": ""}}, {"model": "admin.logentry", "pk": 100, "fields": {"action_time": "2025-01-09T18:41:16.570Z", "user": 1, "content_type": 7, "object_id": "5", "object_repr": "billgateenterprise@gmail.com", "action_flag": 3, "change_message": ""}}, {"model": "admin.logentry", "pk": 101, "fields": {"action_time": "2025-01-09T18:51:50.548Z", "user": 1, "content_type": 7, "object_id": "6", "object_repr": "billgateenterprise@gmail.com", "action_flag": 3, "change_message": ""}}, {"model": "admin.logentry", "pk": 102, "fields": {"action_time": "2025-01-10T02:57:42.160Z", "user": 1, "content_type": 7, "object_id": "7", "object_repr": "billgateenterprise@gmail.com", "action_flag": 3, "change_message": ""}}, {"model": "admin.logentry", "pk": 103, "fields": {"action_time": "2025-01-10T03:14:20.134Z", "user": 1, "content_type": 7, "object_id": "8", "object_repr": "billgateenterprise@gmail.com", "action_flag": 3, "change_message": ""}}, {"model": "admin.logentry", "pk": 104, "fields": {"action_time": "2025-01-10T04:02:04.377Z", "user": 1, "content_type": 7, "object_id": "9", "object_repr": "billgateenterprise@gmail.com", "action_flag": 3, "change_message": ""}}, {"model": "admin.logentry", "pk": 105, "fields": {"action_time": "2025-01-10T04:09:16.900Z", "user": 1, "content_type": 7, "object_id": "10", "object_repr": "billgateenterprise@gmail.com", "action_flag": 3, "change_message": ""}}, {"model": "admin.logentry", "pk": 106, "fields": {"action_time": "2025-01-10T04:12:42.694Z", "user": 1, "content_type": 16, "object_id": "2", "object_repr": "test", "action_flag": 3, "change_message": ""}}, {"model": "admin.logentry", "pk": 107, "fields": {"action_time": "2025-01-10T04:12:50.713Z", "user": 1, "content_type": 7, "object_id": "11", "object_repr": "billgateenterprise@gmail.com", "action_flag": 3, "change_message": ""}}, {"model": "auth.permission", "pk": 1, "fields": {"name": "Can add log entry", "content_type": 1, "codename": "add_logentry"}}, {"model": "auth.permission", "pk": 2, "fields": {"name": "Can change log entry", "content_type": 1, "codename": "change_logentry"}}, {"model": "auth.permission", "pk": 3, "fields": {"name": "Can delete log entry", "content_type": 1, "codename": "delete_logentry"}}, {"model": "auth.permission", "pk": 4, "fields": {"name": "Can view log entry", "content_type": 1, "codename": "view_logentry"}}, {"model": "auth.permission", "pk": 5, "fields": {"name": "Can add permission", "content_type": 2, "codename": "add_permission"}}, {"model": "auth.permission", "pk": 6, "fields": {"name": "Can change permission", "content_type": 2, "codename": "change_permission"}}, {"model": "auth.permission", "pk": 7, "fields": {"name": "Can delete permission", "content_type": 2, "codename": "delete_permission"}}, {"model": "auth.permission", "pk": 8, "fields": {"name": "Can view permission", "content_type": 2, "codename": "view_permission"}}, {"model": "auth.permission", "pk": 9, "fields": {"name": "Can add group", "content_type": 3, "codename": "add_group"}}, {"model": "auth.permission", "pk": 10, "fields": {"name": "Can change group", "content_type": 3, "codename": "change_group"}}, {"model": "auth.permission", "pk": 11, "fields": {"name": "Can delete group", "content_type": 3, "codename": "delete_group"}}, {"model": "auth.permission", "pk": 12, "fields": {"name": "Can view group", "content_type": 3, "codename": "view_group"}}, {"model": "auth.permission", "pk": 13, "fields": {"name": "Can add content type", "content_type": 4, "codename": "add_contenttype"}}, {"model": "auth.permission", "pk": 14, "fields": {"name": "Can change content type", "content_type": 4, "codename": "change_contenttype"}}, {"model": "auth.permission", "pk": 15, "fields": {"name": "Can delete content type", "content_type": 4, "codename": "delete_contenttype"}}, {"model": "auth.permission", "pk": 16, "fields": {"name": "Can view content type", "content_type": 4, "codename": "view_contenttype"}}, {"model": "auth.permission", "pk": 17, "fields": {"name": "Can add session", "content_type": 5, "codename": "add_session"}}, {"model": "auth.permission", "pk": 18, "fields": {"name": "Can change session", "content_type": 5, "codename": "change_session"}}, {"model": "auth.permission", "pk": 19, "fields": {"name": "Can delete session", "content_type": 5, "codename": "delete_session"}}, {"model": "auth.permission", "pk": 20, "fields": {"name": "Can view session", "content_type": 5, "codename": "view_session"}}, {"model": "auth.permission", "pk": 21, "fields": {"name": "Can add category", "content_type": 6, "codename": "add_category"}}, {"model": "auth.permission", "pk": 22, "fields": {"name": "Can change category", "content_type": 6, "codename": "change_category"}}, {"model": "auth.permission", "pk": 23, "fields": {"name": "Can delete category", "content_type": 6, "codename": "delete_category"}}, {"model": "auth.permission", "pk": 24, "fields": {"name": "Can view category", "content_type": 6, "codename": "view_category"}}, {"model": "auth.permission", "pk": 25, "fields": {"name": "Can add account", "content_type": 7, "codename": "add_account"}}, {"model": "auth.permission", "pk": 26, "fields": {"name": "Can change account", "content_type": 7, "codename": "change_account"}}, {"model": "auth.permission", "pk": 27, "fields": {"name": "Can delete account", "content_type": 7, "codename": "delete_account"}}, {"model": "auth.permission", "pk": 28, "fields": {"name": "Can view account", "content_type": 7, "codename": "view_account"}}, {"model": "auth.permission", "pk": 29, "fields": {"name": "Can add product", "content_type": 8, "codename": "add_product"}}, {"model": "auth.permission", "pk": 30, "fields": {"name": "Can change product", "content_type": 8, "codename": "change_product"}}, {"model": "auth.permission", "pk": 31, "fields": {"name": "Can delete product", "content_type": 8, "codename": "delete_product"}}, {"model": "auth.permission", "pk": 32, "fields": {"name": "Can view product", "content_type": 8, "codename": "view_product"}}, {"model": "auth.permission", "pk": 33, "fields": {"name": "Can add cart", "content_type": 9, "codename": "add_cart"}}, {"model": "auth.permission", "pk": 34, "fields": {"name": "Can change cart", "content_type": 9, "codename": "change_cart"}}, {"model": "auth.permission", "pk": 35, "fields": {"name": "Can delete cart", "content_type": 9, "codename": "delete_cart"}}, {"model": "auth.permission", "pk": 36, "fields": {"name": "Can view cart", "content_type": 9, "codename": "view_cart"}}, {"model": "auth.permission", "pk": 37, "fields": {"name": "Can add cart item", "content_type": 10, "codename": "add_cartitem"}}, {"model": "auth.permission", "pk": 38, "fields": {"name": "Can change cart item", "content_type": 10, "codename": "change_cartitem"}}, {"model": "auth.permission", "pk": 39, "fields": {"name": "Can delete cart item", "content_type": 10, "codename": "delete_cartitem"}}, {"model": "auth.permission", "pk": 40, "fields": {"name": "Can view cart item", "content_type": 10, "codename": "view_cartitem"}}, {"model": "auth.permission", "pk": 41, "fields": {"name": "Can add variation", "content_type": 11, "codename": "add_variation"}}, {"model": "auth.permission", "pk": 42, "fields": {"name": "Can change variation", "content_type": 11, "codename": "change_variation"}}, {"model": "auth.permission", "pk": 43, "fields": {"name": "Can delete variation", "content_type": 11, "codename": "delete_variation"}}, {"model": "auth.permission", "pk": 44, "fields": {"name": "Can view variation", "content_type": 11, "codename": "view_variation"}}, {"model": "auth.permission", "pk": 45, "fields": {"name": "Can add order", "content_type": 12, "codename": "add_order"}}, {"model": "auth.permission", "pk": 46, "fields": {"name": "Can change order", "content_type": 12, "codename": "change_order"}}, {"model": "auth.permission", "pk": 47, "fields": {"name": "Can delete order", "content_type": 12, "codename": "delete_order"}}, {"model": "auth.permission", "pk": 48, "fields": {"name": "Can view order", "content_type": 12, "codename": "view_order"}}, {"model": "auth.permission", "pk": 49, "fields": {"name": "Can add payment", "content_type": 13, "codename": "add_payment"}}, {"model": "auth.permission", "pk": 50, "fields": {"name": "Can change payment", "content_type": 13, "codename": "change_payment"}}, {"model": "auth.permission", "pk": 51, "fields": {"name": "Can delete payment", "content_type": 13, "codename": "delete_payment"}}, {"model": "auth.permission", "pk": 52, "fields": {"name": "Can view payment", "content_type": 13, "codename": "view_payment"}}, {"model": "auth.permission", "pk": 53, "fields": {"name": "Can add order product", "content_type": 14, "codename": "add_orderproduct"}}, {"model": "auth.permission", "pk": 54, "fields": {"name": "Can change order product", "content_type": 14, "codename": "change_orderproduct"}}, {"model": "auth.permission", "pk": 55, "fields": {"name": "Can delete order product", "content_type": 14, "codename": "delete_orderproduct"}}, {"model": "auth.permission", "pk": 56, "fields": {"name": "Can view order product", "content_type": 14, "codename": "view_orderproduct"}}, {"model": "auth.permission", "pk": 57, "fields": {"name": "Can add review rating", "content_type": 15, "codename": "add_reviewrating"}}, {"model": "auth.permission", "pk": 58, "fields": {"name": "Can change review rating", "content_type": 15, "codename": "change_reviewrating"}}, {"model": "auth.permission", "pk": 59, "fields": {"name": "Can delete review rating", "content_type": 15, "codename": "delete_reviewrating"}}, {"model": "auth.permission", "pk": 60, "fields": {"name": "Can view review rating", "content_type": 15, "codename": "view_reviewrating"}}, {"model": "auth.permission", "pk": 61, "fields": {"name": "Can add user profile", "content_type": 16, "codename": "add_userprofile"}}, {"model": "auth.permission", "pk": 62, "fields": {"name": "Can change user profile", "content_type": 16, "codename": "change_userprofile"}}, {"model": "auth.permission", "pk": 63, "fields": {"name": "Can delete user profile", "content_type": 16, "codename": "delete_userprofile"}}, {"model": "auth.permission", "pk": 64, "fields": {"name": "Can view user profile", "content_type": 16, "codename": "view_userprofile"}}, {"model": "auth.permission", "pk": 65, "fields": {"name": "Can add productgallery", "content_type": 17, "codename": "add_productgallery"}}, {"model": "auth.permission", "pk": 66, "fields": {"name": "Can change productgallery", "content_type": 17, "codename": "change_productgallery"}}, {"model": "auth.permission", "pk": 67, "fields": {"name": "Can delete productgallery", "content_type": 17, "codename": "delete_productgallery"}}, {"model": "auth.permission", "pk": 68, "fields": {"name": "Can view productgallery", "content_type": 17, "codename": "view_productgallery"}}, {"model": "auth.permission", "pk": 69, "fields": {"name": "Can add login attempt", "content_type": 18, "codename": "add_loginattempt"}}, {"model": "auth.permission", "pk": 70, "fields": {"name": "Can change login attempt", "content_type": 18, "codename": "change_loginattempt"}}, {"model": "auth.permission", "pk": 71, "fields": {"name": "Can delete login attempt", "content_type": 18, "codename": "delete_loginattempt"}}, {"model": "auth.permission", "pk": 72, "fields": {"name": "Can view login attempt", "content_type": 18, "codename": "view_loginattempt"}}, {"model": "contenttypes.contenttype", "pk": 1, "fields": {"app_label": "admin", "model": "logentry"}}, {"model": "contenttypes.contenttype", "pk": 2, "fields": {"app_label": "auth", "model": "permission"}}, {"model": "contenttypes.contenttype", "pk": 3, "fields": {"app_label": "auth", "model": "group"}}, {"model": "contenttypes.contenttype", "pk": 4, "fields": {"app_label": "contenttypes", "model": "contenttype"}}, {"model": "contenttypes.contenttype", "pk": 5, "fields": {"app_label": "sessions", "model": "session"}}, {"model": "contenttypes.contenttype", "pk": 6, "fields": {"app_label": "category", "model": "category"}}, {"model": "contenttypes.contenttype", "pk": 7, "fields": {"app_label": "accounts", "model": "account"}}, {"model": "contenttypes.contenttype", "pk": 8, "fields": {"app_label": "store", "model": "product"}}, {"model": "contenttypes.contenttype", "pk": 9, "fields": {"app_label": "carts", "model": "cart"}}, {"model": "contenttypes.contenttype", "pk": 10, "fields": {"app_label": "carts", "model": "cartitem"}}, {"model": "contenttypes.contenttype", "pk": 11, "fields": {"app_label": "store", "model": "variation"}}, {"model": "contenttypes.contenttype", "pk": 12, "fields": {"app_label": "orders", "model": "order"}}, {"model": "contenttypes.contenttype", "pk": 13, "fields": {"app_label": "orders", "model": "payment"}}, {"model": "contenttypes.contenttype", "pk": 14, "fields": {"app_label": "orders", "model": "orderproduct"}}, {"model": "contenttypes.contenttype", "pk": 15, "fields": {"app_label": "store", "model": "reviewrating"}}, {"model": "contenttypes.contenttype", "pk": 16, "fields": {"app_label": "accounts", "model": "userprofile"}}, {"model": "contenttypes.contenttype", "pk": 17, "fields": {"app_label": "store", "model": "productgallery"}}, {"model": "contenttypes.contenttype", "pk": 18, "fields": {"app_label": "admin_honeypot", "model": "loginattempt"}}, {"model": "sessions.session", "pk": "04amh4liz8f2et2lzmz1jn3ol0xcreei", "fields": {"session_data": "e30:1tVnWL:j0-MXgC_D1-DCcIxEsQdDaRc-sdrVYerKr9CpM_bzoM", "expire_date": "2025-01-23T08:04:01.420Z"}}, {"model": "sessions.session", "pk": "06i48qsz5rn1gngee3hi1zoknrsr6wb2", "fields": {"session_data": "e30:1tV4zv:cArofE6jWiDo3bOUz7LpfSA1BDo-vJ_iL34JCeG5vYw", "expire_date": "2025-01-21T08:31:35.137Z"}}, {"model": "sessions.session", "pk": "0ndi2o6fhctoou8lmpihp0pznlwtiu0f", "fields": {"session_data": "eyJfc2Vzc2lvbl9pbml0X3RpbWVzdGFtcF8iOjE3MzY0NDQzNTUuODc5NjUwNH0:1tVwV1:eApzPEnnqkpWZd8uIRS-rTnY6NTQAFv4zD9y6mTt6us", "expire_date": "2025-01-23T17:39:15.968Z"}}, {"model": "sessions.session", "pk": "0pzvnnblj6yp4g31kk7byxa7f5x3vqx2", "fields": {"session_data": "eyJfc2Vzc2lvbl9pbml0X3RpbWVzdGFtcF8iOjE3MzY0NDQzMjYuNDc3NDIzNH0:1tVwUY:ohDrK1m6A3D4y-tMYGxArTxp4BSzHRu6LkRkXQEHaCE", "expire_date": "2025-01-23T17:38:46.582Z"}}, {"model": "sessions.session", "pk": "0re5zo1znccviuzebu6j5gs33kfheker", "fields": {"session_data": "e30:1tVg1A:BkLRHq8jvbKvyrrxfA8_6EZUVeWes8Y0Ie2_lp8W1YI", "expire_date": "2025-01-23T00:03:20.283Z"}}, {"model": "sessions.session", "pk": "1afzn1mbr4hb6lirtfl3f0q9i25tsjxa", "fields": {"session_data": "e30:1tVvVn:JaY96r051azjdXvHbMBvJM22URMBCF2TwisbEIBeNrs", "expire_date": "2025-01-23T16:35:59.684Z"}}, {"model": "sessions.session", "pk": "1gc1t9kjgupv9aw5mzinqrfxpj4yrtod", "fields": {"session_data": "e30:1tV499:Q6E0bZzQHf3rUgFfvjUAbms6R3YaqvKPY93lZ4rvezs", "expire_date": "2025-01-21T07:37:03.250Z"}}, {"model": "sessions.session", "pk": "1uzkrovg8ue8uvbkgqztwza411h1wofo", "fields": {"session_data": "e30:1tV47z:ZJlRedeWCbFz-5vpox6spkUDV0GbSjYugRSvoK5RsnI", "expire_date": "2025-01-21T07:35:51.307Z"}}, {"model": "sessions.session", "pk": "1vwlhwpef1zord4iyaxrpfgh6548zcii", "fields": {"session_data": "eyJfc2Vzc2lvbl9pbml0X3RpbWVzdGFtcF8iOjE3MzY0NDQ3NjUuNzA5ODY2NX0:1tVwbd:YqYboqbmMctiUnr4V1tx09uLzDdXYkkJYGzejolfBNY", "expire_date": "2025-01-23T17:46:05.892Z"}}, {"model": "sessions.session", "pk": "22tvuz2mvq28qeug0v9y078dprte6mcy", "fields": {"session_data": "e30:1tVY83:69P8fKJr2ofFETdavwCgUv_YJMIJNvPDikiyeSl740U", "expire_date": "2025-01-22T15:37:55.354Z"}}, {"model": "sessions.session", "pk": "28j3tqzr48udc971yhqsu68y3vmlp4jv", "fields": {"session_data": "e30:1tVYfX:duKqE0DO6qKNYCklJUENGkXfRrug-2D45NlRMgkmQmc", "expire_date": "2025-01-22T16:12:31.518Z"}}, {"model": "sessions.session", "pk": "2ddgkrgt1e1k1ldtxaxn7bs19rkr7511", "fields": {"session_data": "eyJfc2Vzc2lvbl9pbml0X3RpbWVzdGFtcF8iOjE3MzY0NDA1MTAuMjA2NjE2Nn0:1tVvV0:jHfCJB3zeuptjP-0SyIHcyIb5COGH48ZSSB2--IoSdU", "expire_date": "2025-01-23T16:35:10.288Z"}}, {"model": "sessions.session", "pk": "2gjzexz7l4wrs525jk6r2n1cyp0syuo4", "fields": {"session_data": "e30:1tVvJc:N4raXXIj1mAD16fVdHuGhUg-3O-tcslcec599yCA45w", "expire_date": "2025-01-23T16:23:24.369Z"}}, {"model": "sessions.session", "pk": "2habjoie1c0ax234zlkvzpku0kw95lgl", "fields": {"session_data": "e30:1tVg1g:2Sbp7c4SyVV1JgGob6M1iTIYlv9-SP5WcAGgZyYnQfg", "expire_date": "2025-01-23T00:03:52.650Z"}}, {"model": "sessions.session", "pk": "2mbwjmsb97nntizldn8yryy1hetvvpka", "fields": {"session_data": "e30:1tVYfk:k9mlJLS7v5KEtVgIkNPZDSCa3fIf6Mvb7jMlyFRwjdc", "expire_date": "2025-01-22T16:12:44.398Z"}}, {"model": "sessions.session", "pk": "2pt336t6dhi300gnu694pam8jzjpum81", "fields": {"session_data": "e30:1tU4CB:-TYAnKlr_AgIFXa2p-aAmhbw6lJorSkCGoYjn3HRYsg", "expire_date": "2025-01-18T13:28:03.971Z"}}, {"model": "sessions.session", "pk": "2trgn817j299ayfdgckpqrg4l8x5vdf9", "fields": {"session_data": "e30:1tW6el:5LaxahyPKisFbmpYMSFPM5fiZtlmibFkIKTWCduIXCs", "expire_date": "2025-01-24T04:29:59.717Z"}}, {"model": "sessions.session", "pk": "2whgtuw9j4kdbeuuvukbps0ohlfjwzw7", "fields": {"session_data": "eyJfc2Vzc2lvbl9pbml0X3RpbWVzdGFtcF8iOjE3MzY0NDQwODAuMTQyNzA2fQ:1tVwQa:5r99tD0Bx5nD6gncrAjm6Znsu8jCsmF0QMnDRUdjNuQ", "expire_date": "2025-01-23T17:34:40.202Z"}}, {"model": "sessions.session", "pk": "2x23reptakhpwo0k4gkm2ce62vuqeq7t", "fields": {"session_data": "e30:1tVfXq:mlgf0uFDGVR1eIa5oMoudqN9yYip6yyC0y7hweEFicQ", "expire_date": "2025-01-22T23:33:02.064Z"}}, {"model": "sessions.session", "pk": "345m0j5pdv3cgk7zpqbb5rdrsv9av93b", "fields": {"session_data": "e30:1tW6WN:OXKb6D_OUMtYYBORQQGTTA5AWcntEovMAYOpkuYOP68", "expire_date": "2025-01-24T04:21:19.818Z"}}, {"model": "sessions.session", "pk": "36e6fjfygs526mqedxr4446vm9rq052r", "fields": {"session_data": "e30:1tVvHi:YBxlIEJurWPc_1zg_UNgXCg-EoKeaWdJAAfe6q5h23c", "expire_date": "2025-01-23T16:21:26.864Z"}}, {"model": "sessions.session", "pk": "39ri4y3jbjiz4t9msjdu7xabqy8p9zid", "fields": {"session_data": "e30:1tWIUE:u1jzi97gJM6yotS5xHpQzEXoZ35_fWDI3ndJIFrcbfg", "expire_date": "2025-01-24T17:07:54.714Z"}}, {"model": "sessions.session", "pk": "3c1qv99q35fpbmupbgkk7n390lf5mz1a", "fields": {"session_data": "eyJfc2Vzc2lvbl9pbml0X3RpbWVzdGFtcF8iOjE3MzY0NDQ3ODguODM2OTQ3Mn0:1tVwc0:Vza6kyv3NQxzL0-Tsfff1ePv7S0vEUx2NoSxolR51j0", "expire_date": "2025-01-23T17:46:28.934Z"}}, {"model": "sessions.session", "pk": "3k8lohzdzpov5l5wkiw67omhe04zzczq", "fields": {"session_data": "eyJfc2Vzc2lvbl9pbml0X3RpbWVzdGFtcF8iOjE3MzY0NDQzOTAuNzkwNTI1Mn0:1tVwVa:OgoQ2ui2BAnHCPUjkgLwyV72c3UskkJu8nSEpXM-aN4", "expire_date": "2025-01-23T17:39:50.899Z"}}, {"model": "sessions.session", "pk": "3my4yrw9qmyqme97t42vicdbew0d01df", "fields": {"session_data": "eyJfc2Vzc2lvbl9pbml0X3RpbWVzdGFtcF8iOjE3MzY0NDQzNzkuOTQ2OTc0M30:1tVwVQ:SmoetyXZQxv-wkvnAgkZ6zeLG1nyReXSl-dTfm7VzdM", "expire_date": "2025-01-23T17:39:40.786Z"}}, {"model": "sessions.session", "pk": "40az84hewjv7oakkheucacqpkiu2jn9z", "fields": {"session_data": "e30:1tVNSl:mxntIyzuhrmbsj8-hv-zogIJN7DXyqxDO-PEq394aKU", "expire_date": "2025-01-22T04:14:35.041Z"}}, {"model": "sessions.session", "pk": "429y9ztg5uex0nmq8p4tdk93nso1bj6q", "fields": {"session_data": "eyJfc2Vzc2lvbl9pbml0X3RpbWVzdGFtcF8iOjE3MzY0NDQ0MzIuMTUxNzYwNn0:1tVwWG:eAsa_FkhNqTiL-rjorw1O9G5cv4zHN-H1GBta9uvXcA", "expire_date": "2025-01-23T17:40:32.274Z"}}, {"model": "sessions.session", "pk": "42bzpj1ikqfgapgamep092coku1uby6q", "fields": {"session_data": "e30:1tW6Zf:DA2wYyCUiCuj_-auNYLT2xDyeJedSS20JEDT6nfAJ5U", "expire_date": "2025-01-24T04:24:43.553Z"}}, {"model": "sessions.session", "pk": "4acvthphipymgpq0uaynsll49ada5lyb", "fields": {"session_data": "e30:1tVXKG:M3jA54IsuqJ4G-LGLvtkIjGD5oOvYZWABkuQ1iKb830", "expire_date": "2025-01-22T14:46:28.352Z"}}, {"model": "sessions.session", "pk": "4b79pomi4np71tro1i5ahqdi2b8k1t7f", "fields": {"session_data": "e30:1tVfqM:5qQS3FNC7WFhLCPGoW1UfvkY0SALK6xAcq35yohy3q8", "expire_date": "2025-01-22T23:52:10.714Z"}}, {"model": "sessions.session", "pk": "4dszumc7orx78xhd4k198kf7bg60hupl", "fields": {"session_data": "e30:1tU4D4:yqyf5jYDn55lllsJG34SwX7pVdufdmdhR19gUYSoU_s", "expire_date": "2025-01-18T13:28:58.667Z"}}, {"model": "sessions.session", "pk": "4hopxyqdntx9oja28m6dkwllo9hztluq", "fields": {"session_data": "e30:1tVwUN:eXAQ4VeOezqAukvsMELoT523s_Unen0wMM7lWIP5ZbA", "expire_date": "2025-01-23T17:38:35.599Z"}}, {"model": "sessions.session", "pk": "4m5qv2pz0ejg22ul2t1vphtzr5tiwe0c", "fields": {"session_data": "eyJfc2Vzc2lvbl9pbml0X3RpbWVzdGFtcF8iOjE3MzY0NDM1NTAuNzYyODIxfQ:1tVwI2:kWtuulcPtAYuXnDFY72_mzToMn9Q1Um03OtpQAkX4V8", "expire_date": "2025-01-23T17:25:50.826Z"}}, {"model": "sessions.session", "pk": "4o5wan9fyaqar4j5zd9d4c8dc1s03obx", "fields": {"session_data": "e30:1tVWx9:PbzQo55YEUmijdwbSJH8Ygx7AcQmctKJU2y2r7NqV80", "expire_date": "2025-01-22T14:22:35.343Z"}}, {"model": "sessions.session", "pk": "4qz435003wf001ycmgpknbg9jbgso74n", "fields": {"session_data": "e30:1tVwdB:Mqs9P6TobJr9Wy3-PCwZsZuylZ00LRRU_D7fx0cNzfs", "expire_date": "2025-01-23T17:47:41.177Z"}}, {"model": "sessions.session", "pk": "4z1wqzrlza97kwcytn9obiragcfsdj4p", "fields": {"session_data": "e30:1tVf6S:WekJWWufkWUhHnGQQ9f4kJManSMM_mrKkG8T9dVn9VE", "expire_date": "2025-01-22T23:04:44.772Z"}}, {"model": "sessions.session", "pk": "511209yzvvt3uy9xhgc8pnqr7grv1btz", "fields": {"session_data": "e30:1tW6az:96vyKLxT9UiQDeUwg--iLXBDZEjlecdWyaP0X4gXWhk", "expire_date": "2025-01-24T04:26:05.717Z"}}, {"model": "sessions.session", "pk": "5fmwadrgvkv7git8a734xtj00q7xh9vn", "fields": {"session_data": "e30:1tW6L6:oWxXx7xYGP_30tHFc1-AMuSjITP-zk1VEcsvnasq0ho", "expire_date": "2025-01-24T04:09:40.598Z"}}, {"model": "sessions.session", "pk": "5n51p70hjy0dus20jgh2vfhro8zb2a6o", "fields": {"session_data": "e30:1tVwQj:fRkM3bwpKPjNCk0xo23Jv-zPvx4tKX6MKIXtg9e1I9M", "expire_date": "2025-01-23T17:34:49.024Z"}}, {"model": "sessions.session", "pk": "5pjz7f4jcr98pgxv8nmmpqiztbbzd6zz", "fields": {"session_data": "eyJfc2Vzc2lvbl9pbml0X3RpbWVzdGFtcF8iOjE3MzY0NDQxMTguOTM5NzQ3OH0:1tVwRC:YXfeck7_Ew74ASvH0cUCawUb9Ez20M81yZyJANhryJY", "expire_date": "2025-01-23T17:35:18.981Z"}}, {"model": "sessions.session", "pk": "5pldrtu8zd4cet2xnuigh37c4tw870ha", "fields": {"session_data": "e30:1tV50v:ilJ5TJqcki19tAoLg6VbiaI9T8Rx7TVcfPdfnoQL6rM", "expire_date": "2025-01-21T08:32:37.903Z"}}, {"model": "sessions.session", "pk": "5qhjrfzm7sojdaqwmjzs9fbb4e6jly15", "fields": {"session_data": "e30:1tVfIW:L4oYf1xV1-txgjRbmcjFVvuv1XUZmOBgHLnlxP7S52U", "expire_date": "2025-01-22T23:17:12.179Z"}}, {"model": "sessions.session", "pk": "63fs88vn9t872nbotiazohrprvk2fw29", "fields": {"session_data": "e30:1tVg1n:kFoEP7JWMsQpIth3JRzE0lKNeGuoCBy9PnGt4KyPRAA", "expire_date": "2025-01-23T00:03:59.706Z"}}, {"model": "sessions.session", "pk": "653vmu19su1qghyqozskn1auypi3yu9c", "fields": {"session_data": "e30:1tV50I:fiHDKmeUrGkxzs1imHBHt1UqISawvWZs1vrmhsAxvKY", "expire_date": "2025-01-21T08:31:58.971Z"}}, {"model": "sessions.session", "pk": "693tin16vzsb2mgkyzo8qifdg2gky02t", "fields": {"session_data": "e30:1tW6NA:w3YK0t9u4u_iJ-ewTX9HifF1-ihVi1ZCDXjahEO_zNg", "expire_date": "2025-01-24T04:11:48.308Z"}}, {"model": "sessions.session", "pk": "6bsscjtavnwfejgw8tikv0j8io22otr4", "fields": {"session_data": "e30:1tVXWN:vgnXLiSRGMHOugk56-Nf45See-8Y38X0kGc8ePmAHtc", "expire_date": "2025-01-22T14:58:59.577Z"}}, {"model": "sessions.session", "pk": "6d51ftlw4cth0v048nd2bobjzwsaubrd", "fields": {"session_data": "e30:1tV51m:CmD_xs6jZUXozCabvqnxqIGewc4jEeTpfXUbx408WO0", "expire_date": "2025-01-21T08:33:30.126Z"}}, {"model": "sessions.session", "pk": "6dvg5aufmatgsqk3hvnplnm3xc4o1fk4", "fields": {"session_data": "e30:1tW62U:t1lLszwUfkO75Dlej0uToGw6U5tENCsR9HDojB5GX6k", "expire_date": "2025-01-24T03:50:26.466Z"}}, {"model": "sessions.session", "pk": "6gkk1l5ujf5pjlqy7otss9gn3wbfeju1", "fields": {"session_data": "e30:1tVw0V:aqYRTevmzIM4VaYlAVefuxPs7umsIMDy5WLOT11exTU", "expire_date": "2025-01-23T17:07:43.884Z"}}, {"model": "sessions.session", "pk": "6ibxls6ntos7hbiiqryxhguwv8x0xbhd", "fields": {"session_data": "e30:1tVY7s:mfDZrQd1rJV_r-q5___o7Slkn1kQkwfMpyZB7mHTMHE", "expire_date": "2025-01-22T15:37:44.383Z"}}, {"model": "sessions.session", "pk": "6rkx04f1axirmq1nh2cjtpjb13l5vr8z", "fields": {"session_data": "e30:1tW6VU:mvVBz-5dEhp1q-p13bhsbezqXzEyq-c2eu9jR9EXKJM", "expire_date": "2025-01-24T04:20:24.295Z"}}, {"model": "sessions.session", "pk": "6yxv0b2tk98tl6dfryc8t3y48haw6mhf", "fields": {"session_data": "e30:1tV48a:ZSL_RF83yoohIHVU2Ue8e1oAeMSQfSmz135U2Mh_Qf0", "expire_date": "2025-01-21T07:36:28.051Z"}}, {"model": "sessions.session", "pk": "6ztqsvy5b37it6hx68vs5dkjs8eo9tja", "fields": {"session_data": "e30:1tV3Vs:Q_EwLMSAfkWcVNVBET4srTbC_cGf1AU72S8MCWhKzUg", "expire_date": "2025-01-21T06:56:28.524Z"}}, {"model": "sessions.session", "pk": "75rk1vy89jpvsvxobsaf8pd45uso3c4c", "fields": {"session_data": "e30:1tTntx:kxddBf82o0Q036itvaJoSOZHJHOvs3iiWcuWa9BiaF4", "expire_date": "2025-01-17T20:04:09.575Z"}}, {"model": "sessions.session", "pk": "772r9elwdu2igg0zs0ihvbj3k1a4zhwt", "fields": {"session_data": "e30:1tW6eA:8qWj-5XyfPG8bs8kNtw9fZv7Tovxzw-ehgzlsKem14c", "expire_date": "2025-01-24T04:29:22.302Z"}}, {"model": "sessions.session", "pk": "779elm6tg6srfzhxa041kn0hs4wrl0d0", "fields": {"session_data": "eyJfc2Vzc2lvbl9pbml0X3RpbWVzdGFtcF8iOjE3MzY0NDQzNjYuODY2MDE1N30:1tVwVC:L_GoHQnq_IZM6EBowrPF3085cAaHRHJHgR4I7YquieY", "expire_date": "2025-01-23T17:39:26.961Z"}}, {"model": "sessions.session", "pk": "7alvx6r5exmfwlvf8g9edqopygf4da7u", "fields": {"session_data": "e30:1tVetp:YPE8gpL8jytaJkNvbYxYRyzZSHRWadzzyGYZGE-qu1c", "expire_date": "2025-01-22T22:51:41.062Z"}}, {"model": "sessions.session", "pk": "7h7onxyctqxocp2906d59hxm6mpulrin", "fields": {"session_data": "e30:1tVwfe:5inRjw1omszTKNSPpvjfsn8yjDdQBbfGZM6qk5foGZ0", "expire_date": "2025-01-23T17:50:14.755Z"}}, {"model": "sessions.session", "pk": "7th3mmwavh5tqhcayakgi8ezijknjnqz", "fields": {"session_data": "e30:1tW633:luXzJg5qqbmXI-BH6WoP61EFsBE9uztsz4lRSUBB1fw", "expire_date": "2025-01-24T03:51:01.568Z"}}, {"model": "sessions.session", "pk": "7v4kixoi3q7qv9yqrsd2fevdqvux1uib", "fields": {"session_data": "e30:1tVXJy:OuNz_-6fKWD8VnnFsg9eec4M7JZoM1IoZM0ESVm9dos", "expire_date": "2025-01-22T14:46:10.334Z"}}, {"model": "sessions.session", "pk": "85pr4mxrbey76kb6kpkgxhh1easu2idh", "fields": {"session_data": "eyJfc2Vzc2lvbl9pbml0X3RpbWVzdGFtcF8iOjE3MzY0NDI0MTIuODg3OTJ9:1tVvzg:aMImJgLgeu3u-bBvldGW21kouwOmV4P7izSkD0ecdsY", "expire_date": "2025-01-23T17:06:52.993Z"}}, {"model": "sessions.session", "pk": "8c76fjijq78zjdiu4l6cb97w8c6urnwe", "fields": {"session_data": "eyJfc2Vzc2lvbl9pbml0X3RpbWVzdGFtcF8iOjE3MzY0NDQ3NDAuODE1NjExMX0:1tVwbE:iQYnAMgVeVvdVZDxrHx85o8LdbWDF1EanRpVJv4E3_4", "expire_date": "2025-01-23T17:45:40.928Z"}}, {"model": "sessions.session", "pk": "8dx1110a2s0lyg39xbfwua1pnrgam8up", "fields": {"session_data": "e30:1tW6I7:lEoSG44Qvuvs-pzjV17UjId-RNVCGPDAJehPL_GQaHM", "expire_date": "2025-01-24T04:06:35.135Z"}}, {"model": "sessions.session", "pk": "8zq86i72hx0u9rqcgu2oh5fvhdk0uktl", "fields": {"session_data": "e30:1tVxdr:YmVfI5mIm3DnuLV9wa8HjJnunYPikxz_b5YpiXrM8gs", "expire_date": "2025-01-23T18:52:27.625Z"}}, {"model": "sessions.session", "pk": "91lxcag9auy3vugi32aswhtg4wczlfdq", "fields": {"session_data": "e30:1tVWwk:97Jbdenj2wbhT0jch1kQJD8OtmCcCGqkK5b_ji67XaE", "expire_date": "2025-01-22T14:22:10.516Z"}}, {"model": "sessions.session", "pk": "9531me08mq97nlieis2y6dsix5n81rjr", "fields": {"session_data": "e30:1tVz9S:9XQ_XMOugWVZzGV9nauOHbvImw3wcThpUirucwNBzoI", "expire_date": "2025-01-23T20:29:10.019Z"}}, {"model": "sessions.session", "pk": "99eu09r8w3tdtcpxfwzczn0mxw86mn5t", "fields": {"session_data": "e30:1tW6Zs:rc-5ljZUWQsMTXZL93MrlDwBgcOaMUNowZU8UdA9O5M", "expire_date": "2025-01-24T04:24:56.891Z"}}, {"model": "sessions.session", "pk": "9dfyitdqcea6qf325ysteljdwrro6r2z", "fields": {"session_data": "e30:1tVg24:nUbp6aCZ3-OU5Pcv4sraIyGsys-AKFNi7xMbFhR2hMU", "expire_date": "2025-01-23T00:04:16.711Z"}}, {"model": "sessions.session", "pk": "9jsringbf0gf4x6v3o6j5tivn3kqlp0b", "fields": {"session_data": "eyJfc2Vzc2lvbl9pbml0X3RpbWVzdGFtcF8iOjE3MzY0NDA1ODMuOTc1NzI1N30:1tVvWC:m0_bw5eAhR6bYazfcn8JC4yMbYnCGVSQRpMJpC76uRM", "expire_date": "2025-01-23T16:36:24.033Z"}}, {"model": "sessions.session", "pk": "9kexjez36wbcrxfg3kbct0e0dd6jsyck", "fields": {"session_data": "eyJfc2Vzc2lvbl9pbml0X3RpbWVzdGFtcF8iOjE3MzY0NDIzNTAuOTExMzY3fQ:1tVvyh:lddAiXT_YKdWy2u-1op4Y-b-UKcxkxYQliY7Kaz2vgE", "expire_date": "2025-01-23T17:05:51.037Z"}}, {"model": "sessions.session", "pk": "9lq07r6u7lq2egpzzde7xdriq01ndzwv", "fields": {"session_data": "e30:1tVx6R:XYb9meZg2Sf80tgAHiTCVxElncDcLzlcLj78HtagIGk", "expire_date": "2025-01-23T18:17:55.685Z"}}, {"model": "sessions.session", "pk": "9t526t5xvb2agxmv2gkdko2pis3jqsbw", "fields": {"session_data": "e30:1tVvIS:Xp9-ecVhwqsnwYLJEa7ZeQ1r_UsolTvaQ5jbQgH9Yj0", "expire_date": "2025-01-23T16:22:12.301Z"}}, {"model": "sessions.session", "pk": "9vx7lj7vrztqjz5brkn96tke567vj6gw", "fields": {"session_data": "e30:1tW6Dn:40_zQh8MDTsBrU8eaiyYDdugAJMAcwxIwgzU2UkR2-8", "expire_date": "2025-01-24T04:02:07.167Z"}}, {"model": "sessions.session", "pk": "a0n8z4b7ujblxnulyuxi4wfes9zk4sjn", "fields": {"session_data": "e30:1tVfqE:S7C-16Ij_rtQ7EZoBTu_Op-6TrvWkQBg3sSpXmSS6VM", "expire_date": "2025-01-22T23:52:02.781Z"}}, {"model": "sessions.session", "pk": "a28sdxlop9fgqg0x1w1znfr080jma62b", "fields": {"session_data": "eyJfc2Vzc2lvbl9pbml0X3RpbWVzdGFtcF8iOjE3MzY0NDIzNzIuMTY5NDM5Nn0:1tVvz2:MLYO4RPIKYH5ZE2yqYdVM3AwZ412pEWnLBRm_CW1OTM", "expire_date": "2025-01-23T17:06:12.280Z"}}, {"model": "sessions.session", "pk": "a2ujbyz1svs9333r5pjdlybb2g2jx5w5", "fields": {"session_data": "e30:1tU4Bx:msaTJaAduJb2gVMZ2_sFUJIegBgcBwDAGVqoEvniIOU", "expire_date": "2025-01-18T13:27:49.031Z"}}, {"model": "sessions.session", "pk": "a6ao6zcvioxv9qrglbq811j3c00ncjpk", "fields": {"session_data": "e30:1tVxTO:VVlEh_V1_ytHQx8Kt-ixwWhb2JQsIFGNiItA30U5FoY", "expire_date": "2025-01-23T18:41:38.373Z"}}, {"model": "sessions.session", "pk": "a8hain73wa1ksf3nqi56ti51q12qrcie", "fields": {"session_data": "e30:1tVwHg:mfMe5sH6pEs7LZwC5aDmN6qFw-oZUf3pdNXda492fko", "expire_date": "2025-01-23T17:25:28.743Z"}}, {"model": "sessions.session", "pk": "ae32n559kt9akv4ahosp61cebu5hmja7", "fields": {"session_data": "e30:1tW6KO:vDEVNN1Ivw-qzWvuUWRvblsuZDuU8SiMLdQ2JbtuIWg", "expire_date": "2025-01-24T04:08:56.169Z"}}, {"model": "sessions.session", "pk": "au4983hrell9iokex9600mhljbynot9f", "fields": {"session_data": "e30:1tVx5s:K6nw1aZCxFQn0CJmxVuK-cwEjlRCkCYR2WuQvqFK_gw", "expire_date": "2025-01-23T18:17:20.819Z"}}, {"model": "sessions.session", "pk": "b1kgrvhsvv0solcvl6tmk3qiwvs99jfg", "fields": {"session_data": "eyJfc2Vzc2lvbl9pbml0X3RpbWVzdGFtcF8iOjE3MzY0NDIzNjIuMDg1OTY1Mn0:1tVvys:nqJUi-x7L4YXND3zQQGpP9HN2bqD63N-I7sc_vmRS3s", "expire_date": "2025-01-23T17:06:02.196Z"}}, {"model": "sessions.session", "pk": "b49nrfzppy02nbf3f2vk7xl1h5rerzdn", "fields": {"session_data": "eyJfc2Vzc2lvbl9pbml0X3RpbWVzdGFtcF8iOjE3MzY0NDQ0MTkuMzEwNzAzM30:1tVwW3:WCKCHJX6-Hmf7lI8biDvOsw8sUti-gEve6hoRboF6Ow", "expire_date": "2025-01-23T17:40:19.458Z"}}, {"model": "sessions.session", "pk": "b8gvfzbjtrf6f5oq4nqpi7biudcn59hc", "fields": {"session_data": "e30:1tVxap:bCZP2SSB736Ipy7XWDE7L7aPa5_WXNKnUmxn0OcpHwQ", "expire_date": "2025-01-23T18:49:19.504Z"}}, {"model": "sessions.session", "pk": "b8q2v9mx42bp4p32rjj4gtmk23353caf", "fields": {"session_data": "e30:1tW5uk:6A7EJ4pSKvfD_coP4nXgmShvt1SXFcFTXS8uMEfuCDI", "expire_date": "2025-01-24T03:42:26.910Z"}}, {"model": "sessions.session", "pk": "bb9qqr1bcumfhxem0wd5j57xpt86a9tl", "fields": {"session_data": "e30:1tW6Fm:tvsx7ktSCSFtVYGMsgjPovwCSb9yuKKWYzrpzcymGG0", "expire_date": "2025-01-24T04:04:10.674Z"}}, {"model": "sessions.session", "pk": "bevnyxw0myuosqzemov5gz5nrhuorx6o", "fields": {"session_data": "e30:1tVvJK:CUMpbnClLaP9boJcXCr2ejJFBeBe5cIy259JTyvIJ_c", "expire_date": "2025-01-23T16:23:06.069Z"}}, {"model": "sessions.session", "pk": "bg8e8o3sjqkjzjnh6xglumh1sv4z3hvs", "fields": {"session_data": "e30:1tV515:jb9NM-vobfg9kVH0B1k9sGHCuhy6E5IFzPjj5VHDTS0", "expire_date": "2025-01-21T08:32:47.256Z"}}, {"model": "sessions.session", "pk": "bitee0pzuyito7ggv9wcwspikw8w9cga", "fields": {"session_data": "e30:1tVete:rxYZmLYdaw7nBnbTpwKga8bywccKN4UbuhtoJlH6_DQ", "expire_date": "2025-01-22T22:51:30.228Z"}}, {"model": "sessions.session", "pk": "bu7bfsrhye9hm0rh6u4tlt6e62pyjfa4", "fields": {"session_data": "e30:1tVg2E:6YuML6hi8lAnRmjaVYjVyKnB4krWDrY7uCrFfN__jug", "expire_date": "2025-01-23T00:04:26.787Z"}}, {"model": "sessions.session", "pk": "bxxr22mmm2f1766pb8s4prf623m2apv5", "fields": {"session_data": ".eJxVjEEOwiAQRe_C2pBCGQZcuvcMBJipVA0kpV0Z765NutDtf-_9lwhxW0vYOi9hJnEWSovT75hifnDdCd1jvTWZW12XOcldkQft8tqIn5fD_TsosZdvnQC9R581jNkgwACUyQ4AGg0YsgyEifzIzurRkyGNLqrJKXbIdsri_QHgNzdy:1tW6Vh:5LSTnkrHODrQMaJ_C5wJ8H0mRH2QSiBauH5sND8yHF8", "expire_date": "2025-01-24T04:20:37.535Z"}}, {"model": "sessions.session", "pk": "c9agke0otutbkxwm6sb1xmqo0wskwckn", "fields": {"session_data": "e30:1tVucZ:oL39v7UTKS7Ir5PHo4hnTmseBqNAxhpYfiQoIuEG80Q", "expire_date": "2025-01-23T15:38:55.950Z"}}, {"model": "sessions.session", "pk": "c9utbnfg4kjsh3gubgmh6pxtdnvrgqcy", "fields": {"session_data": "e30:1tVwxR:Xhceel4AyIgR5-2tRN3gxmux_YojwwScx69SPpJbBm4", "expire_date": "2025-01-23T18:08:37.092Z"}}, {"model": "sessions.session", "pk": "cbpbkvhej5rjkjy7icah7sn7n3hhq4sr", "fields": {"session_data": ".eJxVjMsOwiAQRf-FtSHlUSgu3fsNZIYZpGogKe3K-O_apAvd3nPOfYkI21ri1nmJM4mzUOL0uyGkB9cd0B3qrcnU6rrMKHdFHrTLayN-Xg7376BAL996dMmxDT4Yhz6PyuiJaMgDA4LRli0G60K2iFmbBAY0J7YqTTqjByLx_gDmrji_:1tW62r:ai0CPLfmlIZhZrBg_Ukh8L3HWKia5zJDmF0mWv7unwc", "expire_date": "2025-01-24T03:50:49.349Z"}}, {"model": "sessions.session", "pk": "cdloi27ptqf7zkn3lc4y79cguk2yor7x", "fields": {"session_data": "e30:1tV3V6:h7nD6roQ0YXQ4hYAMCIMWbgFilSqOb26VRTms4ZYCgQ", "expire_date": "2025-01-21T06:55:40.106Z"}}, {"model": "sessions.session", "pk": "cmmqc6kxu83hw6ufkpzc5wpafzfkbetq", "fields": {"session_data": "e30:1tVUZF:nBHhUfXChwPIc_yYd9dmVv6Zl2SoibcSAG_PAPhZqb4", "expire_date": "2025-01-22T11:49:45.053Z"}}, {"model": "sessions.session", "pk": "coit8gaajus6fid1iewqed075bw81w1n", "fields": {"session_data": "e30:1tVfor:KWqE2WsPttfUYwRKxVII-cB4vLlrBF3WbuqAkMn_trU", "expire_date": "2025-01-22T23:50:37.401Z"}}, {"model": "sessions.session", "pk": "cqnr2z85300aeht8dsbay0vcmido2f9y", "fields": {"session_data": "e30:1tVVY1:s9Mn7ZZxrv4HYNbWTQuKdS39zGZ8zSM65Gn9kS2Fm-o", "expire_date": "2025-01-22T12:52:33.210Z"}}, {"model": "sessions.session", "pk": "ctb7zhwres0c9cwhef5q5c168glck9gd", "fields": {"session_data": "e30:1tVwIK:WvX0CXrIG8rdMZZaML4taUCwbr5vlN_t_7PtCS5D-IU", "expire_date": "2025-01-23T17:26:08.723Z"}}, {"model": "sessions.session", "pk": "de1sl6aqkcwd2kup00ikps9varaib01d", "fields": {"session_data": "e30:1tVXRp:PSy_sdPWZKeocEia13XVX5GQQTeN6Jsah7GfJ9z3Bfs", "expire_date": "2025-01-22T14:54:17.972Z"}}, {"model": "sessions.session", "pk": "dnh4tasr67n3e68fuphgku9hpih7ktvt", "fields": {"session_data": "e30:1tW6XG:uOcQNYuJOr5Os7_R8zqLETAwmOfwIjUCcrBHNOyeC_o", "expire_date": "2025-01-24T04:22:14.360Z"}}, {"model": "sessions.session", "pk": "ds1c0dwbzf76kv116eoy9hct03lkdvei", "fields": {"session_data": "e30:1tVWxK:TGB_HJ71ZoeWCpWe8eSew0dT5-X4U2-6cFr-cDg-scY", "expire_date": "2025-01-22T14:22:46.917Z"}}, {"model": "sessions.session", "pk": "dw45f8l12p1rnvfjvxnvvciqpdxrt8yd", "fields": {"session_data": "e30:1tVg4E:qS8EwJW6FIntqLFEJkrGgJL8Svsnmx9t_IZ0KJPGxHs", "expire_date": "2025-01-23T00:06:30.618Z"}}, {"model": "sessions.session", "pk": "e0qla3rxrnyd0ww6rnooz2ywompn477h", "fields": {"session_data": "e30:1tV57K:lPltbH-vRflUWajMcaD3ERCeJO-Q-dtRvZLgas1PdkU", "expire_date": "2025-01-21T08:39:14.879Z"}}, {"model": "sessions.session", "pk": "e2pd1z9udouof0nwqq9tcn071n7wcjq5", "fields": {"session_data": "e30:1tU4E4:ysxYEHTJiUhQD06O_N8xHnDM-NFHQmSXDpmVR2HZnzA", "expire_date": "2025-01-18T13:30:00.953Z"}}, {"model": "sessions.session", "pk": "e7bvqei9ja3vk0q1rm3giqulu41j2vhq", "fields": {"session_data": "e30:1tVY8C:0hP5-MDi9KN6DNz6EKAyYVkjKeNPN7Vsi2k5Q9gJSrs", "expire_date": "2025-01-22T15:38:04.108Z"}}, {"model": "sessions.session", "pk": "e9gmfkkroeikoioof4ps90fdy11wd325", "fields": {"session_data": "e30:1tVvXK:Zsyg_CLNhYuYruDzlnBts54sofCDi2hQNokHwgjctU0", "expire_date": "2025-01-23T16:37:34.059Z"}}, {"model": "sessions.session", "pk": "ebee0uc7acykqpaxhfmcc8ttqt49dxn9", "fields": {"session_data": "e30:1tW5TQ:8QkUliYbLAjrCZvPE8pNqCpc1Z4TsRM6jHBD6pBBxG0", "expire_date": "2025-01-24T03:14:12.295Z"}}, {"model": "sessions.session", "pk": "ej4qy7w97gvlh5onnvwzraon482am8ae", "fields": {"session_data": "eyJfc2Vzc2lvbl9pbml0X3RpbWVzdGFtcF8iOjE3MzY0NDQ3NTAuMzQ5NDk2OH0:1tVwbO:Z0nquAcRbVWlG3nprcJfNhAVvMBHx6Z441Gd7xTnkmw", "expire_date": "2025-01-23T17:45:50.437Z"}}, {"model": "sessions.session", "pk": "emkhhlqfpoz7jt9i8w53mr3sbimta4yn", "fields": {"session_data": "e30:1tVwox:K6i6Q9s6eiT_U0xvMKpRVD7RlAkoA2vHcxTSA-qG8IE", "expire_date": "2025-01-23T17:59:51.767Z"}}, {"model": "sessions.session", "pk": "epew49vihruiwtgeqd69cct0jcwfzjo9", "fields": {"session_data": "e30:1tVZhU:Pvd6LjsF38k2JMRcQOQCk6UsN-_vZnydddKrbQnKdyc", "expire_date": "2025-01-22T17:18:36.926Z"}}, {"model": "sessions.session", "pk": "ew2fhyoyc22yqtm1ohtm7ova0kf55d8u", "fields": {"session_data": "e30:1tVg2N:382fpDsUS4NKQ1WLW-zbkWARzE21wgmWx0NgTF4OW6A", "expire_date": "2025-01-23T00:04:35.998Z"}}, {"model": "sessions.session", "pk": "exvs7blvyvqxc0glkdfoplg8c7cvm2es", "fields": {"session_data": "e30:1tVxSj:ohAhF4sFxW3obDRZ8fUh9kLn-d8taU-PptTe4Hr7RD8", "expire_date": "2025-01-23T18:40:57.645Z"}}, {"model": "sessions.session", "pk": "f5fj9mv194fnk5g14b2dxpeqjyjtxfm7", "fields": {"session_data": "e30:1tVSQD:Qf7954Uiyf5-hef0tPyWgU0JTbzFqb_vaj7UBLKE6As", "expire_date": "2025-01-22T09:32:17.247Z"}}, {"model": "sessions.session", "pk": "fg1lhaq228vtwpaq3faevz4f5iw1js9w", "fields": {"session_data": "eyJfc2Vzc2lvbl9pbml0X3RpbWVzdGFtcF8iOjE3MzY0NDI0NTEuNjAyNDMzfQ:1tVw0J:LgjfvsS9W4AKzpaEX_AEAE1YxyCBnfZI_2GuGkMsdzE", "expire_date": "2025-01-23T17:07:31.682Z"}}, {"model": "sessions.session", "pk": "fk1zbdwuxmddw3zzqrbhfucp29mzq067", "fields": {"session_data": "e30:1tV51R:ZV0x5xmb9J9YedN-jUdIqdk7BuMS-NYV3niuMc_zzaM", "expire_date": "2025-01-21T08:33:09.834Z"}}, {"model": "sessions.session", "pk": "fneoyb8efh5cf45h0gec68ssrlsbojxk", "fields": {"session_data": "e30:1tVv76:1ROECRJoYFwzoaaJqkxgFQPfeUkpxxAjtaNKH8gespM", "expire_date": "2025-01-23T16:10:28.305Z"}}, {"model": "sessions.session", "pk": "foznj6ukpklc4kq6mzkjyxeulgfmy4yp", "fields": {"session_data": "e30:1tVfpx:3XYlV269Br9N_rfex3AG87eTPqzZgF5YhQ0MkYR5vx8", "expire_date": "2025-01-22T23:51:45.050Z"}}, {"model": "sessions.session", "pk": "g7155ny0ns1pumgdx4qtwo38dv698yk2", "fields": {"session_data": "e30:1tVxdb:wmHMUOa4adTh0ZXlfJVXxDRBdyEFlEZ974iB08vm5LI", "expire_date": "2025-01-23T18:52:11.937Z"}}, {"model": "sessions.session", "pk": "gagypehbm8e1de6cpqhg6p31bjipohw7", "fields": {"session_data": "e30:1tW54R:jPNMudK4jT7MhgE1MAv8W1CJszp3NQa0_yCt6FKF0YY", "expire_date": "2025-01-24T02:48:23.466Z"}}, {"model": "sessions.session", "pk": "gbfk2wtzmqutcq9rcdrg446wromvmvxf", "fields": {"session_data": "e30:1tVnb0:rvQOn98dUiEOEa96hxwx-p942M6TRYoUlwOk3DiV3No", "expire_date": "2025-01-23T08:08:50.457Z"}}, {"model": "sessions.session", "pk": "gbnr9xnnod224g3n3zuo7ald3mage2bd", "fields": {"session_data": "e30:1tVNWl:SRTuAU5Mh8o_GWEswYdpygU9Bv8GQufAh8ChwlYVOnY", "expire_date": "2025-01-22T04:18:43.870Z"}}, {"model": "sessions.session", "pk": "gihgx8feewm0s81wvufw194hoy1yffhu", "fields": {"session_data": "e30:1tVwIi:n7g-dl6S5kLBQr-e6XccL1cSOiGfTxEy4mh83TiS90o", "expire_date": "2025-01-23T17:26:32.492Z"}}, {"model": "sessions.session", "pk": "gn29zjbm8zw03n5aavneikq54zs31msa", "fields": {"session_data": "e30:1tW6WB:J3f2TDHtSwWYR_yJG-zkm8yDv8CYnJFvHdq6t_3xQA0", "expire_date": "2025-01-24T04:21:07.700Z"}}, {"model": "sessions.session", "pk": "gsykn5sjg3k6yxzln2gc5ss35tm1bysn", "fields": {"session_data": "eyJfc2Vzc2lvbl9pbml0X3RpbWVzdGFtcF8iOjE3MzY0NDQzNDQuMjE1ODIxM30:1tVwUq:iQ-y2g1jz_eBXf9RWSlRhXfVPwxM_72e8jLzhGu4ANk", "expire_date": "2025-01-23T17:39:04.330Z"}}, {"model": "sessions.session", "pk": "h4r2r3v9qpy4kpmvzk6zsyf460av0iyp", "fields": {"session_data": "e30:1tVv8M:7apPND59niLbi6iAlnlrB1xm1P8Y_oNXCr22vMAZ9CE", "expire_date": "2025-01-23T16:11:46.348Z"}}, {"model": "sessions.session", "pk": "h5jsuiely8labv82ig5whthf7vdr9qs2", "fields": {"session_data": "e30:1tW6Un:F-i2fqQyyzYVLJQhxb8YaHV-SaUvriVNTbIbM7DogRM", "expire_date": "2025-01-24T04:19:41.161Z"}}, {"model": "sessions.session", "pk": "hcolkk7xeejsuymnsq09o7263qbfwsae", "fields": {"session_data": "e30:1tW6XU:TFm3clrX2gR6wYKLRxMUVFMhOGsapCSzQ51wg5j9cKQ", "expire_date": "2025-01-24T04:22:28.074Z"}}, {"model": "sessions.session", "pk": "hpdpw00s1p1georydood3b39bc1ljhh1", "fields": {"session_data": "eyJfc2Vzc2lvbl9pbml0X3RpbWVzdGFtcF8iOjE3MzY0NDQ3NzcuOTYzODc2N30:1tVwbq:NQl9ODA9wB53WsIBcFz0qJ3hRnPmUv2OgFGUpgkdvec", "expire_date": "2025-01-23T17:46:18.098Z"}}, {"model": "sessions.session", "pk": "hq1kjx7wtqhx3s275k7yyd0r42e9nrt1", "fields": {"session_data": "e30:1tVw0i:-kZTZL29hpTjWvJHcB_OLnTMjWVl1kUfunQlJ9iV84c", "expire_date": "2025-01-23T17:07:56.651Z"}}, {"model": "sessions.session", "pk": "huakfmqg0s1429dpds801br9rsmvr13d", "fields": {"session_data": "e30:1tVwl5:OqOJrrU48qwn0MeR58Arjk4ssKJTEYjGQeYaf7lUbOM", "expire_date": "2025-01-23T17:55:51.521Z"}}, {"model": "sessions.session", "pk": "hxinngnjh0s6ainbx783bf3nryfv079q", "fields": {"session_data": "e30:1tW63E:_pPPTQ0Hfn7DnfCfdu49XazNyeAFmzM-dLO0tPVpqOY", "expire_date": "2025-01-24T03:51:12.470Z"}}, {"model": "sessions.session", "pk": "ibtp48k83wx1sefcd7gkkfzfjvjhf99z", "fields": {"session_data": "e30:1tV3VA:k64OrHM7IKC9hZBOjT3VSamP77Jp3WLEs8BL5B5NH9g", "expire_date": "2025-01-21T06:55:44.539Z"}}, {"model": "sessions.session", "pk": "ii9opl0or6q86llpdqd9s8f1u95zm7nw", "fields": {"session_data": "e30:1tVwlF:StjQpdk9S5VhJ-bkPYBaIQsHhKGY6SR1XkUZ-VPK_wY", "expire_date": "2025-01-23T17:56:01.473Z"}}, {"model": "sessions.session", "pk": "ikb0wqrea7ba7i273qsutc1noxocy4fe", "fields": {"session_data": "e30:1tW6Mk:xfJz5YxrSe_QRZSy_JimeeHrGxAQ8YpK-sP_9vuPcNw", "expire_date": "2025-01-24T04:11:22.478Z"}}, {"model": "sessions.session", "pk": "iny9u5tnktrrnigce7661abcrtquqp4h", "fields": {"session_data": "e30:1tW6ZW:DLCZxvSe4KY6ZZyTDHgjg-Q9C1I8cK7pPPRl91eo3Tc", "expire_date": "2025-01-24T04:24:34.735Z"}}, {"model": "sessions.session", "pk": "iuaeqpa67grr2b1qn0kyi1ljpc9tr06p", "fields": {"session_data": "e30:1tVg1u:HOi3MWCJXnIL_nBAngDtxwOWEfxnmvpfcJA9-eexH50", "expire_date": "2025-01-23T00:04:06.353Z"}}, {"model": "sessions.session", "pk": "j4y7xit2ol87g8yedates0p35z9sp4wp", "fields": {"session_data": "e30:1tV47Z:FmHk_qmOqnD86EgWqVzoq05Df3yNif_c4mnGAeeYt8Y", "expire_date": "2025-01-21T07:35:25.051Z"}}, {"model": "sessions.session", "pk": "jfd32eb9j0bb2jf9cb36damdx11no25c", "fields": {"session_data": "e30:1tW63O:lLJhBdap5O7o5VVJtuBAWjtu6Hsyw9O2dRcRx49cMFc", "expire_date": "2025-01-24T03:51:22.455Z"}}, {"model": "sessions.session", "pk": "jr2c4zh0vukwsrk98pf2c3bmpcmvqzxf", "fields": {"session_data": "e30:1tVevc:qcVh9b7ssx101r_LM06otqg1uU0IA6b6-UM41bhJLLM", "expire_date": "2025-01-22T22:53:32.009Z"}}, {"model": "sessions.session", "pk": "jumshrt03grgfj11fl97gsdvmcflxkbf", "fields": {"session_data": "e30:1tVV8I:JBJNtGHo1MbTd5mWBwnY-vx0X8eY4cEbSb898qRIbQY", "expire_date": "2025-01-22T12:25:58.681Z"}}, {"model": "sessions.session", "pk": "kbhizvufaxi7n4dd356oahwcmkzadvoj", "fields": {"session_data": "e30:1tV51H:bg-HKPYoEFQaq9yNc39Rf17QVmhaw6bnIMKfkRCC9EA", "expire_date": "2025-01-21T08:32:59.052Z"}}, {"model": "sessions.session", "pk": "l0ytapavs735ih13mdt3bxevg2j56r1f", "fields": {"session_data": "e30:1tVg1a:7Cb7U4FxOMhnmKCjhZpOk8X1zh9K5xOw2KdY1HV5g0k", "expire_date": "2025-01-23T00:03:46.327Z"}}, {"model": "sessions.session", "pk": "lay9i78plsyuqo3xve6e680l45lsyztm", "fields": {"session_data": "e30:1tVg3x:wkNcUhsPITHo_MraPDQjYYQ40Ii9US8dfFmhWsLiCZA", "expire_date": "2025-01-23T00:06:13.957Z"}}, {"model": "sessions.session", "pk": "lbjhub6l7x3zptqg0wrk61rl7dte9abe", "fields": {"session_data": "e30:1tVwfo:OPdYFeG75d094im1OSeW1evyxVScXXo9ModsJ4cToDM", "expire_date": "2025-01-23T17:50:24.181Z"}}, {"model": "sessions.session", "pk": "lt5lyx6yzox211352t1dv8bxmwd6hwsk", "fields": {"session_data": "e30:1tVg4Z:1U8A7uqFK6PvX3JlNIZQ5xE-Uho-RObG_78BSRjBhhA", "expire_date": "2025-01-23T00:06:51.663Z"}}, {"model": "sessions.session", "pk": "lze95nc94h6h2vophq1hdac1hnl3i6c4", "fields": {"session_data": "e30:1tV48n:UNIK3qIayWllRRoFu46QtkWA6Z5msc1iuOZyN5BEC9Q", "expire_date": "2025-01-21T07:36:41.122Z"}}, {"model": "sessions.session", "pk": "m3gclwkjdttdszuenlua7bnoufl0u4zu", "fields": {"session_data": "e30:1tVvHv:6ww6evYY_BYObbqsJ8TwR-S4bysHLdsxKgaBByaM9jA", "expire_date": "2025-01-23T16:21:39.647Z"}}, {"model": "sessions.session", "pk": "m3yqbp1fsdo1m3rnmvwy19jaltoqve7k", "fields": {"session_data": "e30:1tW6Lj:YVKpup0k866Ph0Aa4oiE4RlX_AT5C1zNDa02DcsBzdM", "expire_date": "2025-01-24T04:10:19.612Z"}}, {"model": "sessions.session", "pk": "m565jqmn6bevewqt2qycs9jeko0vrzzc", "fields": {"session_data": "e30:1tVx72:Rqo3AmgJA9D-vGyfYX3BDGgyz_N0SQXPZGnGZYi6YEM", "expire_date": "2025-01-23T18:18:32.895Z"}}, {"model": "sessions.session", "pk": "m7n1zezbv1wofnr9ueufjhsv81vj951k", "fields": {"session_data": "e30:1tVYpO:mK_fLwo9bxVtzaHj9WlKh6lshL7SmbIuWUKpiK60Lgg", "expire_date": "2025-01-22T16:22:42.600Z"}}, {"model": "sessions.session", "pk": "ma1mx8vv9nxvzjdmtjac2g1tvs3ymebr", "fields": {"session_data": "e30:1tVLf2:Bi3iaC5nWDVPjoKJP3VghkSF9x0kbkDZ4iTo2uaS5Bs", "expire_date": "2025-01-22T02:19:08.235Z"}}, {"model": "sessions.session", "pk": "mmmepwp6wtcyz9lmx4iwc4yk6rwjf02s", "fields": {"session_data": "e30:1tW5DG:hOtICvw5nUMkFVQVXbakVkYrRYM5ccubykJ6I4XS9cQ", "expire_date": "2025-01-24T02:57:30.270Z"}}, {"model": "sessions.session", "pk": "mx75oqe24bk3y9vxurqlzvwqxx47ymcr", "fields": {"session_data": "e30:1tVMa7:eFgkzuZgRrIRdWWSk6oxoCX1KjvsFLn9g4mp_eNKb1c", "expire_date": "2025-01-22T03:18:07.679Z"}}, {"model": "sessions.session", "pk": "n12jw6e5hn60fjc6sm1h534mdchywgd7", "fields": {"session_data": "e30:1tVg46:x75KLtxBznajv73uMzDr5lFAOfQaAhq0Sr4T7-dXdTU", "expire_date": "2025-01-23T00:06:22.836Z"}}, {"model": "sessions.session", "pk": "n62y2lw1lw74wjj4hzhh1qkte05n4h32", "fields": {"session_data": "e30:1tU4Du:YvF7Q9jp1oa8-u0uoYiYNSHFe207u5BO-njJMEAgkro", "expire_date": "2025-01-18T13:29:50.069Z"}}, {"model": "sessions.session", "pk": "n9gprujuapds5ebquys03piqqi6jr2ba", "fields": {"session_data": "e30:1tU4BI:SnjkkJ3xXd6TrFoZd5wxlymxVEGq9EX6ofKa1M07QI0", "expire_date": "2025-01-18T13:27:08.662Z"}}, {"model": "sessions.session", "pk": "nbof9ah42z4vo3jceafwt9wya06nqieo", "fields": {"session_data": "e30:1tW5E3:_JCb0A4okEJDvy5sQiUnn4O8tjqONwwzIhxhn7yfpOw", "expire_date": "2025-01-24T02:58:19.819Z"}}, {"model": "sessions.session", "pk": "nbrqwgv3ioy2zwdtv9gla1maed2sykq4", "fields": {"session_data": "e30:1tW6Oq:yjcnEN1SIbZhAKVgAwSKQlV4QorazfraePMb-4sI_Vs", "expire_date": "2025-01-24T04:13:32.676Z"}}, {"model": "sessions.session", "pk": "ndd65c38tasrbrrz9xggk0byg2x0rpyn", "fields": {"session_data": "e30:1tTz6t:bxmMiGSSruqihUlulsEzpf8YZuqefx4J6QZC0fdiYCU", "expire_date": "2025-01-18T08:02:15.297Z"}}, {"model": "sessions.session", "pk": "ni9md6kqdftt5vngd1ku8nqp8z176fs3", "fields": {"session_data": "e30:1tU4Ch:H7KLutgXhhbse6k572bizmj4DiNr7p2aqp6IhwFeiNw", "expire_date": "2025-01-18T13:28:35.285Z"}}, {"model": "sessions.session", "pk": "niokwxj5b1t8u3i7grg4q4na3ehf3p03", "fields": {"session_data": "eyJfc2Vzc2lvbl9pbml0X3RpbWVzdGFtcF8iOjE3MzY0NDQ4MTEuNDAzNDU4OH0:1tVwcN:yauB5f0NJN0Aw66QBsd8B82mSkfi19keicwkpn4wMFk", "expire_date": "2025-01-23T17:46:51.540Z"}}, {"model": "sessions.session", "pk": "no9t73x23umj47z5lc0awafozg14dmut", "fields": {"session_data": "e30:1tW5TD:4dwd_ZBHdThyHf50-APvSoi9Nj8L_61ehTgajSrO0nI", "expire_date": "2025-01-24T03:13:59.211Z"}}, {"model": "sessions.session", "pk": "ns5s9o91wx51754vkuchno46sqluk4kg", "fields": {"session_data": "e30:1tVvID:OBKWkX7Mxbry2yLpZD1wf1ypEl2byzRBYJf0Zaz9Q_4", "expire_date": "2025-01-23T16:21:57.256Z"}}, {"model": "sessions.session", "pk": "nssko7ndf8yufwa4rrh5oz9cfcl340ah", "fields": {"session_data": "e30:1tW5Tc:L6fm2uilDn4IWdutPOnBsON9u89e7SsgX5crY9PvTqg", "expire_date": "2025-01-24T03:14:24.569Z"}}, {"model": "sessions.session", "pk": "nzdlra5bqtb8crkekyrkxygdf8freq4x", "fields": {"session_data": "e30:1tVVOG:55FGG1HTcqDMrHeyP0e38mTK2K6-gMm4CJqSW4U8yak", "expire_date": "2025-01-22T12:42:28.100Z"}}, {"model": "sessions.session", "pk": "oa743uqjzfyyuhwq997ac0ajpnq4cdpa", "fields": {"session_data": "e30:1tVfpV:qOHTU3AiBKcII86i9Hs7WnAgN53yLpc2d7h26RAAQrQ", "expire_date": "2025-01-22T23:51:17.049Z"}}, {"model": "sessions.session", "pk": "oji67g9h9amrttm5umvielr6yt36e9uq", "fields": {"session_data": "e30:1tVXMr:A9Wcb0KdL13d5Y_aId99bf8b233stkNEXXmzhrLmD-s", "expire_date": "2025-01-22T14:49:09.623Z"}}, {"model": "sessions.session", "pk": "orv77cnanei65065d348grhssouyctqn", "fields": {"session_data": "e30:1tU4CS:lRUFZRpVM851fW0Itit9bFBghJcY5Qb99GzVqq1CQDQ", "expire_date": "2025-01-18T13:28:20.292Z"}}, {"model": "sessions.session", "pk": "owdwtttz43je06yzp2aoqshd9v5g821t", "fields": {"session_data": "e30:1tVXJm:c-PehZotG3tFwaRG-8nazj3sQo6w11MDWpLp6hqtkbw", "expire_date": "2025-01-22T14:45:58.147Z"}}, {"model": "sessions.session", "pk": "p6fj2oj1ybtfgyversuiykfrbdtfcunj", "fields": {"session_data": "e30:1tVwy3:s9vism7Zh_6EVfa6W8H3Z0ogbmRJ9iRpmUx9lEvc7-E", "expire_date": "2025-01-23T18:09:15.466Z"}}, {"model": "sessions.session", "pk": "pr8ht5m7xly515l8uzazi7g5u6p7o5x9", "fields": {"session_data": "e30:1tVfp0:iDQiDQd16kaXUH6E0Erpf7QMcL-Nl4tDS13tlO5h0Bc", "expire_date": "2025-01-22T23:50:46.833Z"}}, {"model": "sessions.session", "pk": "pu1131b3srjw8nrvo58jcykjqta3dlxh", "fields": {"session_data": "e30:1tVwxa:KCIjW-syrFPEoAaB3X6VNOzAcL3CSab5M6Tww_Kzv2s", "expire_date": "2025-01-23T18:08:46.759Z"}}, {"model": "sessions.session", "pk": "pyji2sxd4k5tq0zta1cwyky543zxjxlo", "fields": {"session_data": "e30:1tVwoh:F4cgDxyUvlJ1yDf3IdnXgZdCS0Ik0i-lllr_Lh0c5ho", "expire_date": "2025-01-23T17:59:35.932Z"}}, {"model": "sessions.session", "pk": "pyxepihvmx7f6btveu2m15m0n3lg0bj9", "fields": {"session_data": "e30:1tW6UW:mzr2hOfyzL23CdR0ajG1mV-uqyfTjiozcztw_YDh00w", "expire_date": "2025-01-24T04:19:24.979Z"}}, {"model": "sessions.session", "pk": "q6tk9xsupp2z92r8o174xlsa9e0nomvg", "fields": {"session_data": "e30:1tVwfy:E-uReAFt3pvR0tBbwUdBDUeF5NumTj1M0nl5M-XSA14", "expire_date": "2025-01-23T17:50:34.340Z"}}, {"model": "sessions.session", "pk": "qfmfr3ztjmt8r9ysa5ehoi8ihwbgx71g", "fields": {"session_data": "e30:1tVRIA:sIhWicZG3syoK1aPb9AWuAeogbBWew-EnBkKqFPGI9A", "expire_date": "2025-01-22T08:19:54.335Z"}}, {"model": "sessions.session", "pk": "qhowp3tap3pn3wyko55x4zdrhswxuje6", "fields": {"session_data": "e30:1tVxSs:__2ZIjWMKqexzhBsgjqRjm-iK6AF3N3xRAzS44cFDW8", "expire_date": "2025-01-23T18:41:06.558Z"}}, {"model": "sessions.session", "pk": "qlf2gwhg2cl9pb0u7f4mmokin9zvmex8", "fields": {"session_data": "e30:1tW6G2:O3HF2tL0D2BSvBdeKNk8hY1Y0WaWMs06Kj5mR4WfkS4", "expire_date": "2025-01-24T04:04:26.541Z"}}, {"model": "sessions.session", "pk": "qlhlxk1tsukpm91r1e6dfyh2jjqiq65v", "fields": {"session_data": "e30:1tVvIg:apaS2fNXWnQ5w6lA-Zz99yBEVile1ccgtuEao8irb9I", "expire_date": "2025-01-23T16:22:26.752Z"}}, {"model": "sessions.session", "pk": "qrrhepl6ffebdhvqkrhykb4kuqvsvqs6", "fields": {"session_data": "e30:1tVYC3:jFPrj2ywpHKEIr9fKVCdjTDByLZuNObLBC6R4GEpeME", "expire_date": "2025-01-22T15:42:03.747Z"}}, {"model": "sessions.session", "pk": "qt6mc7qqdnolejpkuhqek4zs45cj88gw", "fields": {"session_data": "e30:1tVxOT:jLUSfEJYl7YYjMqjEP--_AuuZI02Eke2b8cbJrFXpBA", "expire_date": "2025-01-23T18:36:33.231Z"}}, {"model": "sessions.session", "pk": "qxr6fjk7oz5p2ikwjevtrepcqa9zzvcu", "fields": {"session_data": "e30:1tW5Ty:5vOBOWx_g2o2YcRqkMZThVrHxwpTayqMR-mI4ZSGrSA", "expire_date": "2025-01-24T03:14:46.548Z"}}, {"model": "sessions.session", "pk": "r0yrqx8ytvrusc2uxyhx31rycpwvdpfi", "fields": {"session_data": "e30:1tW6ad:Jk_uv_R3xnUgOov1SLmAtyQRNeZnFsTCl1hbpDvZOSg", "expire_date": "2025-01-24T04:25:43.146Z"}}, {"model": "sessions.session", "pk": "r8ig4hjixb2abq1mpfxvysoz3ekg1jld", "fields": {"session_data": "eyJfc2Vzc2lvbl9pbml0X3RpbWVzdGFtcF8iOjE3MzY0NDQ4MTkuOTEyMDIzOH0:1tVwcW:R5iAal6PAvEcabZLir_D7w7E_Yf7H-TPJ4RkiCiJZyI", "expire_date": "2025-01-23T17:47:00.025Z"}}, {"model": "sessions.session", "pk": "rfwbbd20xp4rbic3i83528wghpt4mni4", "fields": {"session_data": "e30:1tW5bT:_Nt_VLUqRZSAvUK9JtswqpvXHG4zNNlOJsEpMFz6NMw", "expire_date": "2025-01-24T03:22:31.883Z"}}, {"model": "sessions.session", "pk": "s58z3pwgx5314ibdx1bayeo461xsio2m", "fields": {"session_data": "e30:1tVf3G:CXkgoyxtJ6aP3-XWgUMb9aDRURrzsCkPZ7gx9xio6pA", "expire_date": "2025-01-22T23:01:26.489Z"}}, {"model": "sessions.session", "pk": "sfr30b836dfxxjbw452mm6n5arqj7r8g", "fields": {"session_data": "e30:1tV3V6:h7nD6roQ0YXQ4hYAMCIMWbgFilSqOb26VRTms4ZYCgQ", "expire_date": "2025-01-21T06:55:40.099Z"}}, {"model": "sessions.session", "pk": "shxlmj1m0s140p8ky45j333fxlgw60f8", "fields": {"session_data": "e30:1tVXS3:Cu_mG4zKpeLJFbC1UJ7Uwh4RTJiY6_lVpRxu54GUA-E", "expire_date": "2025-01-22T14:54:31.994Z"}}, {"model": "sessions.session", "pk": "smdvqg3qzrm8bi2gnhgd5oacgw2kpov2", "fields": {"session_data": "e30:1tW6RB:qBPyruHj2Jrgw87AdtBq7Ywv1el1bGWv6llJwg3a7ZQ", "expire_date": "2025-01-24T04:15:57.099Z"}}, {"model": "sessions.session", "pk": "sqab3wu697fyg2xhhmu97wbe5mdcmes6", "fields": {"session_data": "e30:1tVfpM:jLOvIXtHnb1w9aQINfltzl5ljRGj9UJfAPPwxBm1LlE", "expire_date": "2025-01-22T23:51:08.284Z"}}, {"model": "sessions.session", "pk": "sur987h83phc4obthu0z1hodykexvv4g", "fields": {"session_data": "e30:1tVxah:do5jlDR4UneL7nqWKdRCzEMsNWA9FNVot6B3FcbqYfE", "expire_date": "2025-01-23T18:49:11.935Z"}}, {"model": "sessions.session", "pk": "szu3lr0x9wfrzijtzkixmj5zq819aycn", "fields": {"session_data": "e30:1tVf38:ql66fjO8nw_TFP0i0aC0MuF7Yw3_L3rl4djNCXD2__4", "expire_date": "2025-01-22T23:01:18.399Z"}}, {"model": "sessions.session", "pk": "t7bi2dcvo1f9gqsuob0uyw9r1f3bhylk", "fields": {"session_data": "e30:1tVwQt:05drJw-ba8wAJrWuYqXvRNhVqF_WeTxfGP7bGnsfH1c", "expire_date": "2025-01-23T17:34:59.445Z"}}, {"model": "sessions.session", "pk": "ta4m7ntfjprqh0tdu8mwukh66mpnzb4x", "fields": {"session_data": "e30:1tVucj:tR0QbOoJVPA0i_l4MSVfLPAmOQB1CJprhjiICOSNkes", "expire_date": "2025-01-23T15:39:05.057Z"}}, {"model": "sessions.session", "pk": "ta7egy3xm6b17016bb9nk0kg9n4qunae", "fields": {"session_data": "e30:1tVMD9:2Aq88hdtHbtEp8k_MPblM26dz1X3dnD-2i5cyqaXG48", "expire_date": "2025-01-22T02:54:23.252Z"}}, {"model": "sessions.session", "pk": "tixhu7dcguu1upq29hq166sfi41ri8he", "fields": {"session_data": "e30:1tW5Vc:u4NSL9bRs4GShIMHZrBmngxJkBg0_Heh2EQLxBwSRVc", "expire_date": "2025-01-24T03:16:28.137Z"}}, {"model": "sessions.session", "pk": "tkmel1dfgx1rrada3alvgir2pmg1vzgl", "fields": {"session_data": "e30:1tVwIU:OS3Q3Oz7dHWKkxRfeyIADiYty0y60qUNPaJoud9ttrs", "expire_date": "2025-01-23T17:26:18.168Z"}}, {"model": "sessions.session", "pk": "tnay3r3vrh16njpfvp8xzqff72sl29ox", "fields": {"session_data": "e30:1tV4zm:tZMuwdrPFX-MPEMG9gDe8UlX1WoiWCLLXPk21IJ_1ts", "expire_date": "2025-01-21T08:31:26.539Z"}}, {"model": "sessions.session", "pk": "top9ipzczb1t7v4t49uufkar3s3cyu32", "fields": {"session_data": "e30:1tVevS:Yl3B-44VzUBF4-dwr_uOaaj7DOEFKdSLvxL-EnSjLkY", "expire_date": "2025-01-22T22:53:22.500Z"}}, {"model": "sessions.session", "pk": "tvk9a00p303ebi5ffod0lev43ovqrd0j", "fields": {"session_data": "e30:1tV51d:D4Y_uA7MpgMjjuC-8b37z9Np3LgsvzBe2Afw-_ukrig", "expire_date": "2025-01-21T08:33:21.659Z"}}, {"model": "sessions.session", "pk": "twix4cui9zucvjkeu2f3zpuhsycpuq9b", "fields": {"session_data": "e30:1tVxe0:B10Oaa3LYK75CoFIWzWqLy9Lsc7p5bvhBmB1jEFjjLc", "expire_date": "2025-01-23T18:52:36.677Z"}}, {"model": "sessions.session", "pk": "u4vasb7zgr5pw5l5asvpnoz51mvf2ucz", "fields": {"session_data": "e30:1tW6FC:YQXm4nEqU-_nY8JNYv6R2ubJiusH1rPbkqf77isXfto", "expire_date": "2025-01-24T04:03:34.857Z"}}, {"model": "sessions.session", "pk": "u5ei0qc6r94nakb1dvpubbr6fxynl7rp", "fields": {"session_data": "e30:1tV5C3:DU72YnBnD9Yd4X-0ffP5DPScuqFdHlFsxE9xMunfPSs", "expire_date": "2025-01-21T08:44:07.210Z"}}, {"model": "sessions.session", "pk": "ub63gsjtv6gcb4nrdt1o2pftzsulk02j", "fields": {"session_data": "e30:1tVfpc:JMU-AItf0oDpKcv0oQfwLxvoF6rePQK7BnmSyhTbI8o", "expire_date": "2025-01-22T23:51:24.989Z"}}, {"model": "sessions.session", "pk": "ucexc8xfyrl6b2zk1tdu9br420ik19a2", "fields": {"session_data": "e30:1tV50A:6-48BTNNJAGFclJT1YD_5ZK7HD-uHeyNxIPlwfIKu10", "expire_date": "2025-01-21T08:31:50.269Z"}}, {"model": "sessions.session", "pk": "udcp9h3wqitut9qyq0l3yq2dh8mjmobh", "fields": {"session_data": "e30:1tW6Vz:PCyBJUZlf1Xfewvdh2auf_PO0VruRATeY3I9r9w-RZE", "expire_date": "2025-01-24T04:20:55.190Z"}}, {"model": "sessions.session", "pk": "uon8ey48cmb5ghbxoej1h2djnqoq27n9", "fields": {"session_data": "e30:1tV57W:4QsT-Pn6YY2k1jqQYr5aaOXwcjNLN4my0sEgJFpTwwc", "expire_date": "2025-01-21T08:39:26.851Z"}}, {"model": "sessions.session", "pk": "uvq1cxc7kpznavdkjvxi1i7f4q4kjw0y", "fields": {"session_data": "e30:1tU4DW:yZ8vvIIj1CJLIQ6nZG5D7PsJfp_J96WaxdWeW1f5WuQ", "expire_date": "2025-01-18T13:29:26.894Z"}}, {"model": "sessions.session", "pk": "uwu8lyd78uj3dohgpaod5kej90pl1c44", "fields": {"session_data": "e30:1tVwop:IYuz-XFz3Dffzyyp3xATXgOZgl2uEjIWxNYlr-uX3Jk", "expire_date": "2025-01-23T17:59:43.341Z"}}, {"model": "sessions.session", "pk": "ux666zepptihxldkwi3cf6dujn91i05e", "fields": {"session_data": "e30:1tVXLm:z072rj6jSLVJQnQ4WNrW-CUVj9y7y5UIixe78GdMRl4", "expire_date": "2025-01-22T14:48:02.898Z"}}, {"model": "sessions.session", "pk": "vctmnwz973advu6zp50fr5pl3jwbnhm1", "fields": {"session_data": "e30:1tW6zI:pXu2D3LNeYIM5JAm3p-ONlcznCsk3Nj0XrBJX9MMmME", "expire_date": "2025-01-24T04:51:12.971Z"}}, {"model": "sessions.session", "pk": "vlmi20z2t7xboyzcygussp6ttib3s8y6", "fields": {"session_data": "e30:1tW6Ve:UCD3DYqTW4U1OoWsCTD3FtEb_sThJAdpxJfO-F-sHiI", "expire_date": "2025-01-24T04:20:34.365Z"}}, {"model": "sessions.session", "pk": "vxa2pyqogsz00ci5yy7l0z16wudz288r", "fields": {"session_data": "e30:1tVWx1:a7jc9goekQj5kEjFEtJ_uQMecubpiDwR-vauBIrFWew", "expire_date": "2025-01-22T14:22:27.360Z"}}, {"model": "sessions.session", "pk": "w03ruzgfnfvt1kc57rri1w7d2h9fjmvl", "fields": {"session_data": "e30:1tVf2a:Sot1dB3qCNmiWXQ7Jel7ZuMw2FwSDqYo92oDmvo7ZLY", "expire_date": "2025-01-22T23:00:44.300Z"}}, {"model": "sessions.session", "pk": "w1cxhirq3fd96aw9qj7cqj4t57fzuza1", "fields": {"session_data": "e30:1tU4DH:DFLBJF3315PxMDCH5haVQwoBe3t3bcXf-1XihEVtwbg", "expire_date": "2025-01-18T13:29:11.410Z"}}, {"model": "sessions.session", "pk": "w430d326opmufx0373n7rorkmcsl6fmr", "fields": {"session_data": "e30:1tVvIo:yn3UuaZuNaNhbA3Dmmh4xhG9MkTxw_7sKzvEkLtWUMA", "expire_date": "2025-01-23T16:22:34.768Z"}}, {"model": "sessions.session", "pk": "w5cr2pd9x663tcue9k57cg16o7sp7rlz", "fields": {"session_data": "e30:1tVfXa:FfHKP_4qokgCAwaXZTFvFCvnocSSdBkZlhKYX_GXznM", "expire_date": "2025-01-22T23:32:46.485Z"}}, {"model": "sessions.session", "pk": "w8oygkngsdq45ocxtl9xqc1e96lfwomy", "fields": {"session_data": "eyJfc2Vzc2lvbl9pbml0X3RpbWVzdGFtcF8iOjE3MzY0NDIzMjMuODA2NjM3fQ:1tVvyF:sUNyTBg1FPw3rnRrjEpJHdD9U4eyJ5TEwG-b8jmKmCE", "expire_date": "2025-01-23T17:05:23.981Z"}}, {"model": "sessions.session", "pk": "wkgrerakyp70zc6m9xc1zq0mvkseyln9", "fields": {"session_data": "e30:1tVvI3:ASTVYtyNP9V-eVycU43SJlGE8xND62NttJ3Lfnbu8cY", "expire_date": "2025-01-23T16:21:47.832Z"}}, {"model": "sessions.session", "pk": "wl7unwm44dr297vp3qls303y38ankmxc", "fields": {"session_data": "e30:1tVf9j:9_cevmaBeiwtRZP14mc2bXY2V12ISS8Y5DaakEktZGM", "expire_date": "2025-01-22T23:08:07.471Z"}}, {"model": "sessions.session", "pk": "wnx8pvj9s56ja978eoaihoqnnipxtpry", "fields": {"session_data": "e30:1tVvw2:ZEOWhCDPB3w_1IIfQeLZaFN635rzXhECBt8sHTyf2yQ", "expire_date": "2025-01-23T17:03:06.897Z"}}, {"model": "sessions.session", "pk": "wsdg51el4v4uar5ud94jrmtlxxcywxuf", "fields": {"session_data": "e30:1tVvUX:AyaOt_lR34wNUNERHxoU3ZeOnqg39j-9Ya_Y8Qmdszs", "expire_date": "2025-01-23T16:34:41.340Z"}}, {"model": "sessions.session", "pk": "wysuj18lvnwnpebbpog060l4gmb3bkw7", "fields": {"session_data": "e30:1tW5d0:Mr64N80BA2AuO9xTr2kF_WxjDcdgMiOBYgC0j5DXYQA", "expire_date": "2025-01-24T03:24:06.198Z"}}, {"model": "sessions.session", "pk": "x6j13uybh9s2w0winzq0z9l4lzozcjzv", "fields": {"session_data": "e30:1tW5Ds:Y9wgyKlnd5HKy-4kZ9fZ8vBV6umszdYUqqmMp_Dx7-k", "expire_date": "2025-01-24T02:58:08.549Z"}}, {"model": "sessions.session", "pk": "xdzgap7g0pl4wj60o1eujlzgcykl5yu8", "fields": {"session_data": "e30:1tW6Ue:-Ko7nc-c__cS3nk4Ol8gopd-5fwLUPMu_37qA5cISVY", "expire_date": "2025-01-24T04:19:32.597Z"}}, {"model": "sessions.session", "pk": "xgt0veptxx87d6wkffbat0x9bfj5s883", "fields": {"session_data": "e30:1tVYCT:1XBU9HzufKtpF9EC5jOB3nYfbCaBHYhL1S5huII-ggw", "expire_date": "2025-01-22T15:42:29.047Z"}}, {"model": "sessions.session", "pk": "xidsy0clshskw2xl7xk7bmunw05b7e7k", "fields": {"session_data": "e30:1tVVsg:Hbnyz7sG0gyDBIiwudM3BSzerZG5wzXAND9iosXS-Bo", "expire_date": "2025-01-22T13:13:54.618Z"}}, {"model": "sessions.session", "pk": "xjvfok948oje1libto3vcwir3z2o479z", "fields": {"session_data": "e30:1tW6X4:KIjc7etxRfNmxsocQS3uUp_43bsrpr73Fw39r7W5KrA", "expire_date": "2025-01-24T04:22:02.429Z"}}, {"model": "sessions.session", "pk": "xmxp8qwektguns13f2vlkvdzmwcaewi3", "fields": {"session_data": "eyJfc2Vzc2lvbl9pbml0X3RpbWVzdGFtcF8iOjE3MzY0NDIzMzguNjMxMDE5OH0:1tVvyU:MQISpI1h4xOme0CwVhuhB1Z1BT4bUn6dMhU4wu13Cz4", "expire_date": "2025-01-23T17:05:38.774Z"}}, {"model": "sessions.session", "pk": "xqnkaff9zvfs9033snf2r07jvffo9zt8", "fields": {"session_data": "e30:1tW6M2:N6f4ZVCXjX1DPECDIOjjYTKCiXSpQx-Z9H_MWZqAee8", "expire_date": "2025-01-24T04:10:38.429Z"}}, {"model": "sessions.session", "pk": "xr3hxhsyrf9d1ayaydd7i0b8bo05sozc", "fields": {"session_data": "e30:1tVfIh:40bFdOC40OJZxe60bvpaMDvf3Q_AWiU3C5QW4vRcCS0", "expire_date": "2025-01-22T23:17:23.985Z"}}, {"model": "sessions.session", "pk": "xusm5qlk2xsxth9wd9ll9g387cwvvq6l", "fields": {"session_data": "e30:1tVYGm:bh43Dc9-3EfwUvhysqhadmx4nH5gzE2OfhmHhkZ-_d0", "expire_date": "2025-01-22T15:46:56.902Z"}}, {"model": "sessions.session", "pk": "xwjske0xnyy0xudf4qqwgbf3xb2yqk2z", "fields": {"session_data": "e30:1tVSQE:BdUawXQ4EJghhUCczQEBvZAzKJNbjpfYJFUXBfEyb7Q", "expire_date": "2025-01-22T09:32:18.371Z"}}, {"model": "sessions.session", "pk": "y24tn8l9v4q80lilvskwyzngjgw7g77g", "fields": {"session_data": "e30:1tV49m:p5IdMTEVLv2XalXrsHMr-QhZnWljn4WplgB4oNziwtU", "expire_date": "2025-01-21T07:37:42.660Z"}}, {"model": "sessions.session", "pk": "y5mwzm54u48nabocz87a3r0338xqyj14", "fields": {"session_data": "e30:1tVvJB:Lxi89plOSgOQyxKy7Ecsh1ermr5Qy9N75oAo3rW_FxE", "expire_date": "2025-01-23T16:22:57.608Z"}}, {"model": "sessions.session", "pk": "y74q4yirllf6ykd3m5onozhuwpf2c3fu", "fields": {"session_data": "e30:1tVwlV:wtJl_fmA5g1cUJtLQpn0PRx4PqPJ1HXSOibQdou108U", "expire_date": "2025-01-23T17:56:17.789Z"}}, {"model": "sessions.session", "pk": "yfx17d05pu0dioeglo1vjhj1hq1mi24b", "fields": {"session_data": "e30:1tVwxt:ij_u9Q-E6W9E0N11VSEJcEyrf-0VGJak_UHAhhO7nEc", "expire_date": "2025-01-23T18:09:05.886Z"}}, {"model": "sessions.session", "pk": "yh1xyobicqtb1joi1e49h3jhk6a6cu99", "fields": {"session_data": "e30:1tW6N2:Vk2IbU8BAV1tkxLiV3tO6hwSH9AMqN9SmoEgO_lAqI0", "expire_date": "2025-01-24T04:11:40.981Z"}}, {"model": "sessions.session", "pk": "ylexgonqj83mfsloqfn329wvcerd6b0u", "fields": {"session_data": "e30:1tVxSZ:S-FKKwOL-ixFhQQUKDt1g02SxolW30JjOkriIkjQwMY", "expire_date": "2025-01-23T18:40:47.561Z"}}, {"model": "sessions.session", "pk": "ylnrvm1yyauch8z073she9pplowml0j6", "fields": {"session_data": "e30:1tVYHP:EPSS7uN_nCSuWxHba1vbay1av6HAzSKZQYwsKd_ggKE", "expire_date": "2025-01-22T15:47:35.606Z"}}, {"model": "sessions.session", "pk": "z4qczsyvq1yktvw7piezvnk0wgsranul", "fields": {"session_data": "e30:1tVnUE:q15GKQPxBL9KXXb18gzWpRVi7cKDqQnsze4L0_JuBpc", "expire_date": "2025-01-23T08:01:50.791Z"}}, {"model": "sessions.session", "pk": "zbc8p9poqr9yshndj2kp3yty9tvwj738", "fields": {"session_data": "e30:1tW6Wd:HfsXCFgQc__or5XP5Mvy1jt7BMYso32zdecDkYNlcfQ", "expire_date": "2025-01-24T04:21:35.421Z"}}, {"model": "sessions.session", "pk": "zcc3dug97gndivk274xgtd22hl83cwg5", "fields": {"session_data": "e30:1tVxZR:8GLd7r3-QzPkU4AXyGNB5iJaftvFS-AuvHDz9fv3cfc", "expire_date": "2025-01-23T18:47:53.872Z"}}, {"model": "sessions.session", "pk": "zdt6pnburt0ds2h1trmbw9ornjqcih9r", "fields": {"session_data": "e30:1tU4EI:B9zPeZVUHS6SZOapMXNBUsIqx8Ky4eL4hHxmcKzvXJE", "expire_date": "2025-01-18T13:30:14.859Z"}}, {"model": "sessions.session", "pk": "zh8725lj3t2jf37yv2he1wlq6vxt66lc", "fields": {"session_data": "e30:1tVfB9:HOxLleBhkZlgZKUmM4uDQlBgUB_KpqC2GhfDXFnONlk", "expire_date": "2025-01-22T23:09:35.312Z"}}, {"model": "sessions.session", "pk": "zsn26stgmobc1e5lx1ow94w1pwliuj6r", "fields": {"session_data": "e30:1tVxZf:Grq-31kkXepuc0Gfc4MtpY8R2u-zXHRTBewr4o5bhrU", "expire_date": "2025-01-23T18:48:07.773Z"}}, {"model": "sessions.session", "pk": "zyx61e46vk5y449ft32032lakyp4wm9o", "fields": {"session_data": "e30:1tW6EC:QYvJQvbyn-Q9QDEYqjlrYZ0JofJ01Add30hyC-_uDQw", "expire_date": "2025-01-24T04:02:32.225Z"}}, {"model": "category.category", "pk": 1, "fields": {"category_name": "T Shirt", "slug": "t-shirt", "description": "Sed malesuada lobortis laoreet. Fusce maximus dapibus leo, id fringilla sapien dictum sed. Integer condimentum nulla id blandit iaculis. Nullam placerat ante id consectetur euismod. Vestibulum eget arcu eu tortor dignissi", "cat_image": "photos/categories/tshirts.jpg"}}, {"model": "category.category", "pk": 2, "fields": {"category_name": "Jackets", "slug": "jackets", "description": "Morbi tincidunt mauris dolor, tristique condimentum odio rutrum eu. Maecenas tempor, lorem ultrices aliquam sodales, purus nisi malesuada libero, nec lobortis quam libero vitae lectus. Ut a odio a nunc placerat ultricies. Ali", "cat_image": "photos/categories/jackets.jpg"}}, {"model": "category.category", "pk": 3, "fields": {"category_name": "Shoes", "slug": "shoes", "description": "Sed volutpat nunc enim. Praesent gravida magna et ante laoreet tincidunt. Fusce placerat in sapien et vulputate. Aliquam imperdiet, ligula eu lacinia porttitor, nulla purus egestas ante, a euismod orci tellus ut ante. Vivamus", "cat_image": "photos/categories/shoes.png"}}, {"model": "category.category", "pk": 4, "fields": {"category_name": "Jeans", "slug": "jeans", "description": "Fusce et arcu sapien. Maecenas pharetra eros eget bibendum tincidunt. Mauris non vestibulum sem, et efficitur leo. Sed sodales ipsum at ante bibendum mollis. Curabitur porttitor tempor aliquet. Donec turpis ante, dictum ut fe", "cat_image": "photos/categories/jeans.jpg"}}, {"model": "category.category", "pk": 5, "fields": {"category_name": "Shirts", "slug": "shirts", "description": "Cras quis vehicula enim. Vestibulum blandit magna ac porttitor consectetur. Integer ultricies, quam nec porta aliquet, nunc lacus maximus massa, vel iaculis mauris felis sit amet purus. In gravida ex sit amet rutrum porta. Ve", "cat_image": "photos/categories/shirts.jpg"}}, {"model": "accounts.account", "pk": 1, "fields": {"password": "pbkdf2_sha256$216000$sQnMpoNYoAuA$9l/B8OdbuWYXIzDpNu4SPV4KJze3jcZuR95H9MP8g6M=", "first_name": "Billgate", "last_name": "Okoye", "username": "root", "email": "billgateokoye@gmail.com", "phone_number": "", "date_joined": "2025-01-02T19:10:31.305Z", "last_login": "2025-01-10T03:50:48.168Z", "is_admin": true, "is_staff": true, "is_active": true, "is_superadmin": true}}, {"model": "accounts.account", "pk": 12, "fields": {"password": "pbkdf2_sha256$216000$7qbuzOmgBeez$OqFEcH/THoVQpu1/F087OB3+K8i/kIjb5iNKmTRoKHo=", "first_name": "test", "last_name": "test", "username": "billgateenterprise", "email": "billgateenterprise@gmail.com", "phone_number": "09076164920", "date_joined": "2025-01-10T04:19:48.215Z", "last_login": "2025-01-10T04:20:36.650Z", "is_admin": false, "is_staff": false, "is_active": true, "is_superadmin": false}}, {"model": "accounts.userprofile", "pk": 1, "fields": {"user": 1, "address_line_1": "", "address_line_2": "", "profile_picture": "userprofile/user.png", "city": "", "state": "", "country": ""}}, {"model": "accounts.userprofile", "pk": 2, "fields": {"user": 12, "address_line_1": "", "address_line_2": "", "profile_picture": "userprofile/user.png", "city": "", "state": "", "country": ""}}, {"model": "store.product", "pk": 1, "fields": {"product_name": "Mavi Jeans", "slug": "mavi-jeans", "description": "Fusce et arcu sapien. Maecenas pharetra eros eget bibendum tincidunt. Mauris non vestibulum sem, et efficitur leo. Sed sodales ipsum at ante bibendum mollis. Curabitur porttitor tempor aliquet. Donec turpis ante, dictum ut felis id, ullamcorper sollicitudin tellus. Sed sit amet dignissim nunc. Ut eget mollis orci. Proin finibus purus aliquet, ultricies odio ac, fermentum ex.", "price": 36, "images": "photos/products/Mavi_jeans.jpg", "stock": 17, "is_available": true, "category": 4, "created_date": "2025-01-02T20:50:57.685Z", "modified_date": "2025-01-09T17:36:01.937Z"}}, {"model": "store.product", "pk": 2, "fields": {"product_name": "ATX Jeans", "slug": "atx-jeans", "description": "Suspendisse sem tortor, rutrum sed mauris ac, bibendum mollis tortor. Aenean porta, turpis ut egestas aliquet, est purus egestas purus, quis vehicula neque ex sit amet eros. Cras eu ipsum vulputate, posuere libero sed, sollicitudin magna. Integer porttitor dignissim rutrum. Class aptent taciti sociosqu ad litora torquent per conubia nostra, per inceptos himenaeos. Donec tincidunt vehicula sollicitudin. Aenean sit amet ante sit amet nisl congue volutpat ac sed felis. Proin vel sapien at dui rhonc", "price": 34, "images": "photos/products/ATX-Jeans.jpg", "stock": 28, "is_available": true, "category": 4, "created_date": "2025-01-02T20:53:50.934Z", "modified_date": "2025-01-09T00:05:50.903Z"}}, {"model": "store.product", "pk": 3, "fields": {"product_name": "Wrangler Shirt", "slug": "wrangler-shirt", "description": "In faucibus ultrices metus eget euismod. Quisque suscipit vestibulum arcu. Nulla consectetur, libero id consectetur posuere, metus diam pulvinar libero, non tincidunt dui erat et est. Sed lacinia venenatis sem tempor ullamcorper. Sed pretium sollicitudin tortor, eu ornare diam fringilla a. Aliquam laoreet sapien sed ipsum bibendum luctus. Vestibulum pulvinar ex ante, sit amet rhoncus ex sodales at. Aenean mattis porttitor neque, eget semper ipsum elementum nec. Nulla facilisi. Phasellus egestas,", "price": 55, "images": "photos/products/Wrangler-Shirt.jpg", "stock": 75, "is_available": true, "category": 5, "created_date": "2025-01-02T20:54:45.671Z", "modified_date": "2025-01-09T00:05:45.463Z"}}, {"model": "store.product", "pk": 4, "fields": {"product_name": "Blue Shirt", "slug": "blue-shirt", "description": "Morbi eu ullamcorper arcu, vel finibus tortor. Mauris venenatis libero rutrum tincidunt finibus. Mauris nisl urna, feugiat ac consectetur et, viverra id metus. Vestibulum rutrum odio ut mollis suscipit. Cras eu ex ut orci tempus auctor. Aliquam erat volutpat. Aliquam non sollicitudin velit. Morbi dui quam, laoreet sit amet ligula in, porta pellentesque libero.", "price": 40, "images": "photos/products/Blue-Shirt.jpg", "stock": 99, "is_available": true, "category": 5, "created_date": "2025-01-02T20:55:43.463Z", "modified_date": "2025-01-08T14:23:34.517Z"}}, {"model": "store.product", "pk": 5, "fields": {"product_name": "Great Tshirt", "slug": "great-tshirt", "description": "Vivamus egestas quis leo efficitur semper. Duis volutpat egestas enim. Ut suscipit est id nulla tempus vehicula. Pellentesque ac convallis justo. Praesent quis metus ac leo aliquet scelerisque et nec augue. Class aptent taciti sociosqu ad litora torquent per conubia nostra, per inceptos himenaeos. Proin faucibus lectus vel est pellentesque, sed dignissim ex interdum. In hac habitasse platea dictumst. Fusce a tincidunt nisi. Pellentesque eleifend, magna eu viverra semper, tellus lorem tincidunt n", "price": 50, "images": "photos/products/Great-Tshirt.jpg", "stock": 99, "is_available": true, "category": 1, "created_date": "2025-01-02T20:56:23.595Z", "modified_date": "2025-01-02T20:56:23.595Z"}}, {"model": "store.product", "pk": 6, "fields": {"product_name": "Jordan Basketball Shoes", "slug": "jordan-basketball-shoes", "description": "Donec in cursus elit. Aenean imperdiet nulla in orci molestie efficitur. Pellentesque egestas, diam in luctus finibus, nisl est feugiat sapien, sed fermentum velit felis quis dui. Nunc facilisis turpis sem, at tincidunt nisl mattis quis. Praesent sed dictum est, vel imperdiet neque. Donec imperdiet orci in nulla pellentesque, quis elementum nisi iaculis. Donec augue lorem, molestie id ante in, ornare vestibulum nunc. In congue eros eros, eget rutrum metus blandit ut. Cras iaculis arcu neque, qui", "price": 70, "images": "photos/products/JORDAN1.JPG", "stock": 9, "is_available": true, "category": 3, "created_date": "2025-01-02T20:57:15.306Z", "modified_date": "2025-01-09T17:51:05.073Z"}}, {"model": "store.product", "pk": 7, "fields": {"product_name": "Puma Ferrari Shoes", "slug": "puma-ferrari-shoes", "description": "Sed condimentum velit vitae dui eleifend eleifend. Donec scelerisque venenatis sapien sit amet maximus. Sed sed mauris nec lacus aliquam rhoncus. Morbi hendrerit ipsum odio, porttitor cursus nibh bibendum et. Donec interdum orci quis tristique consectetur. Nullam in dictum diam, quis tristique purus. Aliquam lobortis velit non nibh ullamcorper, vel mollis justo varius.", "price": 120, "images": "photos/products/Puma-Ferrari-Shoes.jpg", "stock": 299, "is_available": true, "category": 3, "created_date": "2025-01-02T20:57:55.783Z", "modified_date": "2025-01-09T17:56:41.082Z"}}, {"model": "store.product", "pk": 8, "fields": {"product_name": "Us Polo Assn Jacket", "slug": "us-polo-assn-jacket", "description": "Aenean tincidunt velit vitae nisi sodales, ut pretium lectus condimentum. Curabitur pretium nisi non nibh tempor rutrum et vel magna. Aliquam in sapien ac eros ullamcorper hendrerit. Phasellus faucibus ipsum dolor, eget vestibulum justo facilisis a. Aliquam aliquet ligula nec enim lacinia imperdiet. In a risus est. Sed dolor urna, ultrices a magna sit amet, congue eleifend dui. Nunc in lobortis velit. Nullam sed eros nisi. Ut mattis turpis ut tempor tincidunt. In vitae leo nibh. Mauris ante feli", "price": 99, "images": "photos/products/US-Polo-Assn_Jacket.jpg", "stock": 58, "is_available": true, "category": 2, "created_date": "2025-01-02T20:58:40.056Z", "modified_date": "2025-01-10T04:26:47.731Z"}}, {"model": "store.variation", "pk": 1, "fields": {"product": 1, "variation_category": "color", "variation_value": "Red", "is_active": true, "created_date": "2025-01-08T01:27:27.648Z"}}, {"model": "store.variation", "pk": 2, "fields": {"product": 1, "variation_category": "color", "variation_value": "Green", "is_active": true, "created_date": "2025-01-08T01:27:38.232Z"}}, {"model": "store.variation", "pk": 3, "fields": {"product": 1, "variation_category": "color", "variation_value": "Blue", "is_active": true, "created_date": "2025-01-08T01:27:50.425Z"}}, {"model": "store.variation", "pk": 4, "fields": {"product": 2, "variation_category": "color", "variation_value": "Red", "is_active": true, "created_date": "2025-01-08T01:28:00.593Z"}}, {"model": "store.variation", "pk": 6, "fields": {"product": 2, "variation_category": "color", "variation_value": "Blue", "is_active": true, "created_date": "2025-01-08T01:28:32.146Z"}}, {"model": "store.variation", "pk": 7, "fields": {"product": 3, "variation_category": "color", "variation_value": "Red", "is_active": true, "created_date": "2025-01-08T01:28:38.815Z"}}, {"model": "store.variation", "pk": 8, "fields": {"product": 3, "variation_category": "color", "variation_value": "Blue", "is_active": true, "created_date": "2025-01-08T01:28:50.694Z"}}, {"model": "store.variation", "pk": 9, "fields": {"product": 2, "variation_category": "color", "variation_value": "Green", "is_active": true, "created_date": "2025-01-08T01:29:39.403Z"}}, {"model": "store.variation", "pk": 10, "fields": {"product": 3, "variation_category": "color", "variation_value": "Green", "is_active": true, "created_date": "2025-01-08T01:29:49.365Z"}}, {"model": "store.variation", "pk": 11, "fields": {"product": 4, "variation_category": "color", "variation_value": "Blue", "is_active": true, "created_date": "2025-01-08T01:29:57.619Z"}}, {"model": "store.variation", "pk": 12, "fields": {"product": 5, "variation_category": "color", "variation_value": "Green", "is_active": true, "created_date": "2025-01-08T01:30:08.206Z"}}, {"model": "store.variation", "pk": 13, "fields": {"product": 5, "variation_category": "color", "variation_value": "Blue", "is_active": true, "created_date": "2025-01-08T01:30:15.081Z"}}, {"model": "store.variation", "pk": 14, "fields": {"product": 5, "variation_category": "color", "variation_value": "Red", "is_active": true, "created_date": "2025-01-08T01:30:23.091Z"}}, {"model": "store.variation", "pk": 15, "fields": {"product": 6, "variation_category": "color", "variation_value": "Green", "is_active": true, "created_date": "2025-01-08T01:30:32.320Z"}}, {"model": "store.variation", "pk": 16, "fields": {"product": 6, "variation_category": "color", "variation_value": "Blue", "is_active": true, "created_date": "2025-01-08T01:30:40.202Z"}}, {"model": "store.variation", "pk": 17, "fields": {"product": 7, "variation_category": "color", "variation_value": "Green", "is_active": true, "created_date": "2025-01-08T01:30:48.098Z"}}, {"model": "store.variation", "pk": 18, "fields": {"product": 7, "variation_category": "color", "variation_value": "Red", "is_active": true, "created_date": "2025-01-08T01:30:57.162Z"}}, {"model": "store.variation", "pk": 19, "fields": {"product": 8, "variation_category": "color", "variation_value": "Green", "is_active": true, "created_date": "2025-01-08T01:31:06.056Z"}}, {"model": "store.variation", "pk": 20, "fields": {"product": 8, "variation_category": "color", "variation_value": "Red", "is_active": true, "created_date": "2025-01-08T01:31:16.683Z"}}, {"model": "store.variation", "pk": 21, "fields": {"product": 1, "variation_category": "size", "variation_value": "Medium", "is_active": true, "created_date": "2025-01-08T01:31:26.490Z"}}, {"model": "store.variation", "pk": 22, "fields": {"product": 1, "variation_category": "size", "variation_value": "Small", "is_active": true, "created_date": "2025-01-08T01:31:32.475Z"}}, {"model": "store.variation", "pk": 23, "fields": {"product": 2, "variation_category": "size", "variation_value": "Large", "is_active": true, "created_date": "2025-01-08T01:31:44.487Z"}}, {"model": "store.variation", "pk": 24, "fields": {"product": 2, "variation_category": "size", "variation_value": "Medium", "is_active": true, "created_date": "2025-01-08T01:33:50.843Z"}}, {"model": "store.variation", "pk": 25, "fields": {"product": 2, "variation_category": "size", "variation_value": "Small", "is_active": true, "created_date": "2025-01-08T01:34:03.052Z"}}, {"model": "store.variation", "pk": 26, "fields": {"product": 3, "variation_category": "size", "variation_value": "Medium", "is_active": true, "created_date": "2025-01-08T01:34:10.460Z"}}, {"model": "store.variation", "pk": 27, "fields": {"product": 3, "variation_category": "size", "variation_value": "Small", "is_active": true, "created_date": "2025-01-08T01:34:18.425Z"}}, {"model": "store.variation", "pk": 28, "fields": {"product": 3, "variation_category": "size", "variation_value": "Large", "is_active": true, "created_date": "2025-01-08T01:34:25.843Z"}}, {"model": "store.variation", "pk": 29, "fields": {"product": 4, "variation_category": "size", "variation_value": "Medium", "is_active": true, "created_date": "2025-01-08T01:34:33.830Z"}}, {"model": "store.variation", "pk": 30, "fields": {"product": 4, "variation_category": "size", "variation_value": "Small", "is_active": true, "created_date": "2025-01-08T01:34:41.131Z"}}, {"model": "store.variation", "pk": 31, "fields": {"product": 4, "variation_category": "size", "variation_value": "Large", "is_active": true, "created_date": "2025-01-08T01:34:47.884Z"}}, {"model": "store.variation", "pk": 32, "fields": {"product": 5, "variation_category": "size", "variation_value": "Medium", "is_active": true, "created_date": "2025-01-08T01:34:55.012Z"}}, {"model": "store.variation", "pk": 33, "fields": {"product": 5, "variation_category": "size", "variation_value": "Small", "is_active": true, "created_date": "2025-01-08T01:35:02.639Z"}}, {"model": "store.variation", "pk": 34, "fields": {"product": 5, "variation_category": "size", "variation_value": "Large", "is_active": true, "created_date": "2025-01-08T01:35:12.816Z"}}, {"model": "store.variation", "pk": 35, "fields": {"product": 6, "variation_category": "size", "variation_value": "Medium", "is_active": true, "created_date": "2025-01-08T01:35:20.243Z"}}, {"model": "store.variation", "pk": 36, "fields": {"product": 6, "variation_category": "size", "variation_value": "Large", "is_active": true, "created_date": "2025-01-08T01:35:40.365Z"}}, {"model": "store.variation", "pk": 37, "fields": {"product": 7, "variation_category": "size", "variation_value": "Medium", "is_active": true, "created_date": "2025-01-08T01:35:50.672Z"}}, {"model": "store.variation", "pk": 38, "fields": {"product": 7, "variation_category": "size", "variation_value": "Small", "is_active": true, "created_date": "2025-01-08T01:35:59.468Z"}}, {"model": "store.variation", "pk": 39, "fields": {"product": 7, "variation_category": "size", "variation_value": "Large", "is_active": true, "created_date": "2025-01-08T01:36:10.766Z"}}, {"model": "store.variation", "pk": 40, "fields": {"product": 8, "variation_category": "size", "variation_value": "Medium", "is_active": true, "created_date": "2025-01-08T01:36:20.911Z"}}, {"model": "store.variation", "pk": 41, "fields": {"product": 8, "variation_category": "size", "variation_value": "Small", "is_active": true, "created_date": "2025-01-08T01:36:29.007Z"}}, {"model": "store.variation", "pk": 42, "fields": {"product": 8, "variation_category": "size", "variation_value": "Large", "is_active": true, "created_date": "2025-01-08T01:36:34.603Z"}}, {"model": "store.reviewrating", "pk": 1, "fields": {"product": 3, "user": 1, "subject": "testing", "review": "bjivbajv amkabnvj zjvk al mbj kmlc jab a kbcjbvfbajvjs  kbnkva", "rating": 4.5, "ip": "127.0.0.1", "status": true, "created_at": "2025-01-08T15:47:13.298Z", "updated_at": "2025-01-08T15:47:13.298Z"}}, {"model": "carts.cart", "pk": 1, "fields": {"cart_id": "6ybsxdy21fdk9uvsdewa11aefkhz6tft", "date_added": "2025-01-08T01:54:36.008Z"}}, {"model": "carts.cart", "pk": 2, "fields": {"cart_id": "hd73e57s7uea1n0xzuoz7ly3jhxwouln", "date_added": "2025-01-08T01:56:00.119Z"}}, {"model": "carts.cartitem", "pk": 11, "fields": {"user": 12, "product": 1, "cart": null, "quantity": 3, "is_active": true, "variations": [2, 21]}}, {"model": "orders.payment", "pk": 2, "fields": {"user": 1, "payment_id": "pi_3Qeyw3CkLgasPhF70O95MkLG", "payment_method": "Stripe", "amount_paid": "56.1", "status": "paid", "created_at": "2025-01-08T13:04:44.850Z"}}, {"model": "orders.payment", "pk": 3, "fields": {"user": 1, "payment_id": "pi_3Qf0AKCkLgasPhF70MdSeaGG", "payment_method": "Stripe", "amount_paid": "40.8", "status": "paid", "created_at": "2025-01-08T14:23:28.327Z"}}, {"model": "orders.payment", "pk": 4, "fields": {"user": 1, "payment_id": "pi_3Qf0WuCkLgasPhF71nUOk5CM", "payment_method": "Stripe", "amount_paid": "36.72", "status": "paid", "created_at": "2025-01-08T14:46:49.015Z"}}, {"model": "orders.payment", "pk": 5, "fields": {"user": 1, "payment_id": "pi_3Qf9FkCkLgasPhF705KltYDL", "payment_method": "Stripe", "amount_paid": "125.46", "status": "paid", "created_at": "2025-01-09T00:05:39.828Z"}}, {"model": "orders.payment", "pk": 6, "fields": {"user": 1, "payment_id": "pi_3QfPWMCkLgasPhF70GnjoO1I", "payment_method": "Stripe", "amount_paid": "36.72", "status": "paid", "created_at": "2025-01-09T17:27:54.492Z"}}, {"model": "orders.payment", "pk": 7, "fields": {"user": 1, "payment_id": "pi_3QfPe4CkLgasPhF71qQvUrx7", "payment_method": "Stripe", "amount_paid": "36.72", "status": "paid", "created_at": "2025-01-09T17:35:52.078Z"}}, {"model": "orders.payment", "pk": 8, "fields": {"user": 1, "payment_id": "pi_3QfPsiCkLgasPhF70tBMQooj", "payment_method": "Stripe", "amount_paid": "71.4", "status": "paid", "created_at": "2025-01-09T17:51:00.796Z"}}, {"model": "orders.payment", "pk": 9, "fields": {"user": 1, "payment_id": "pi_3QfPy7CkLgasPhF71VVXRDSc", "payment_method": "Stripe", "amount_paid": "122.4", "status": "paid", "created_at": "2025-01-09T17:56:35.789Z"}}, {"model": "orders.payment", "pk": 10, "fields": {"user": 1, "payment_id": "pi_3QfZntCkLgasPhF70av2wOFa", "payment_method": "Stripe", "amount_paid": "201.96", "status": "paid", "created_at": "2025-01-10T04:26:42.346Z"}}, {"model": "orders.order", "pk": 38, "fields": {"user": 1, "payment": 2, "order_number": "2025010838", "first_name": "Billgate", "last_name": "Okoye", "phone": "09076164920", "email": "customer@gmail.com", "address_line_1": "zfhyytutuy", "address_line_2": "", "country": "India", "state": "Kerala", "city": "Select City", "order_note": "", "order_total": 56.1, "tax": 1.1, "status": "New", "ip": "127.0.0.1", "is_ordered": true, "created_at": "2025-01-08T13:03:19.125Z", "updated_at": "2025-01-08T13:04:46.883Z"}}, {"model": "orders.order", "pk": 39, "fields": {"user": 1, "payment": 3, "order_number": "2025010839", "first_name": "Billgate", "last_name": "Okoye", "phone": "09076164920", "email": "customer@gmail.com", "address_line_1": "zfhyytutuy", "address_line_2": "", "country": "India", "state": "Kerala", "city": "Select City", "order_note": "", "order_total": 40.8, "tax": 0.8, "status": "New", "ip": "127.0.0.1", "is_ordered": true, "created_at": "2025-01-08T14:22:39.675Z", "updated_at": "2025-01-08T14:23:29.486Z"}}, {"model": "orders.order", "pk": 40, "fields": {"user": 1, "payment": 4, "order_number": "2025010840", "first_name": "Billgate", "last_name": "Okoye", "phone": "09076164920", "email": "customer@gmail.com", "address_line_1": "zfhyytutuy", "address_line_2": "", "country": "India", "state": "Kerala", "city": "Select City", "order_note": "", "order_total": 36.72, "tax": 0.72, "status": "New", "ip": "127.0.0.1", "is_ordered": true, "created_at": "2025-01-08T14:46:11.698Z", "updated_at": "2025-01-08T14:46:49.628Z"}}, {"model": "orders.order", "pk": 41, "fields": {"user": 1, "payment": null, "order_number": "2025010841", "first_name": "Billgate", "last_name": "Okoye", "phone": "09076164920", "email": "customer@gmail.com", "address_line_1": "zfhyytutuy", "address_line_2": "", "country": "India", "state": "Kerala", "city": "Select City", "order_note": "", "order_total": 56.1, "tax": 1.1, "status": "New", "ip": "127.0.0.1", "is_ordered": false, "created_at": "2025-01-08T14:54:25.888Z", "updated_at": "2025-01-08T14:54:27.915Z"}}, {"model": "orders.order", "pk": 42, "fields": {"user": 1, "payment": null, "order_number": "2025010942", "first_name": "Billgate", "last_name": "Okoye", "phone": "09076164920", "email": "customer@gmail.com", "address_line_1": "zfhyytutuy", "address_line_2": "", "country": "India", "state": "Kerala", "city": "Select City", "order_note": "", "order_total": 56.1, "tax": 1.1, "status": "New", "ip": "127.0.0.1", "is_ordered": false, "created_at": "2025-01-09T00:04:10.837Z", "updated_at": "2025-01-09T00:04:11.109Z"}}, {"model": "orders.order", "pk": 43, "fields": {"user": 1, "payment": 5, "order_number": "2025010943", "first_name": "Billgate", "last_name": "Okoye", "phone": "09076164920", "email": "customer@gmail.com", "address_line_1": "zfhyytutuy", "address_line_2": "", "country": "India", "state": "Kerala", "city": "Select City", "order_note": "", "order_total": 125.46, "tax": 2.46, "status": "New", "ip": "127.0.0.1", "is_ordered": true, "created_at": "2025-01-09T00:04:45.151Z", "updated_at": "2025-01-09T00:05:41.130Z"}}, {"model": "orders.order", "pk": 44, "fields": {"user": 1, "payment": 6, "order_number": "2025010944", "first_name": "Billgate", "last_name": "Okoye", "phone": "09076164920", "email": "customer@gmail.com", "address_line_1": "zfhyytutuy", "address_line_2": "", "country": "India", "state": "Kerala", "city": "Select City", "order_note": "", "order_total": 36.72, "tax": 0.72, "status": "New", "ip": "127.0.0.1", "is_ordered": true, "created_at": "2025-01-09T17:26:26.422Z", "updated_at": "2025-01-09T17:27:55.377Z"}}, {"model": "orders.order", "pk": 45, "fields": {"user": 1, "payment": 7, "order_number": "2025010945", "first_name": "Billgate", "last_name": "Okoye", "phone": "09076164920", "email": "customer@gmail.com", "address_line_1": "zfhyytutuy", "address_line_2": "", "country": "India", "state": "Kerala", "city": "Select City", "order_note": "", "order_total": 36.72, "tax": 0.72, "status": "New", "ip": "127.0.0.1", "is_ordered": true, "created_at": "2025-01-09T17:35:04.011Z", "updated_at": "2025-01-09T17:35:53.199Z"}}, {"model": "orders.order", "pk": 46, "fields": {"user": 1, "payment": 8, "order_number": "2025010946", "first_name": "Billgate", "last_name": "Okoye", "phone": "09076164920", "email": "customer@gmail.com", "address_line_1": "zfhyytutuy", "address_line_2": "", "country": "India", "state": "Kerala", "city": "Select City", "order_note": "", "order_total": 71.4, "tax": 1.4, "status": "New", "ip": "127.0.0.1", "is_ordered": true, "created_at": "2025-01-09T17:50:24.266Z", "updated_at": "2025-01-09T17:51:01.653Z"}}, {"model": "orders.order", "pk": 47, "fields": {"user": 1, "payment": 9, "order_number": "2025010947", "first_name": "Billgate", "last_name": "Okoye", "phone": "09076164920", "email": "customer@gmail.com", "address_line_1": "zfhyytutuy", "address_line_2": "", "country": "India", "state": "Kerala", "city": "Select City", "order_note": "", "order_total": 122.4, "tax": 2.4, "status": "New", "ip": "127.0.0.1", "is_ordered": true, "created_at": "2025-01-09T17:56:02.754Z", "updated_at": "2025-01-09T17:56:36.967Z"}}, {"model": "orders.order", "pk": 48, "fields": {"user": 12, "payment": null, "order_number": "2025011048", "first_name": "test", "last_name": "test", "phone": "09076164920", "email": "billgateenterprise@gmail.com", "address_line_1": "fghdfxxghcj", "address_line_2": "jvghxfgxkhg", "country": "jhchgx", "state": "jhchgxrt", "city": "jhchgx", "order_note": "hgxgfzgdz", "order_total": 110.16, "tax": 2.16, "status": "New", "ip": "127.0.0.1", "is_ordered": false, "created_at": "2025-01-10T04:22:57.885Z", "updated_at": "2025-01-10T04:23:00.352Z"}}, {"model": "orders.order", "pk": 49, "fields": {"user": 1, "payment": 10, "order_number": "2025011049", "first_name": "Billgate", "last_name": "Okoye", "phone": "09076164920", "email": "customer@gmail.com", "address_line_1": "zfhyytutuy", "address_line_2": "", "country": "India", "state": "Kerala", "city": "Select City", "order_note": "", "order_total": 201.96, "tax": 3.96, "status": "New", "ip": "127.0.0.1", "is_ordered": true, "created_at": "2025-01-10T04:25:44.703Z", "updated_at": "2025-01-10T04:26:43.228Z"}}, {"model": "orders.orderproduct", "pk": 2, "fields": {"order": 38, "payment": 2, "user": 1, "product": 3, "quantity": 1, "product_price": 55.0, "ordered": true, "created_at": "2025-01-08T13:04:48.131Z", "updated_at": "2025-01-08T13:04:51.012Z", "variations": [8, 26]}}, {"model": "orders.orderproduct", "pk": 3, "fields": {"order": 39, "payment": 3, "user": 1, "product": 4, "quantity": 1, "product_price": 40.0, "ordered": true, "created_at": "2025-01-08T14:23:30.310Z", "updated_at": "2025-01-08T14:23:32.424Z", "variations": [11, 29]}}, {"model": "orders.orderproduct", "pk": 4, "fields": {"order": 40, "payment": 4, "user": 1, "product": 1, "quantity": 1, "product_price": 36.0, "ordered": true, "created_at": "2025-01-08T14:46:49.829Z", "updated_at": "2025-01-08T14:46:50.845Z", "variations": [2, 22]}}, {"model": "orders.orderproduct", "pk": 5, "fields": {"order": 43, "payment": 5, "user": 1, "product": 3, "quantity": 1, "product_price": 55.0, "ordered": true, "created_at": "2025-01-09T00:05:42.048Z", "updated_at": "2025-01-09T00:05:44.463Z", "variations": [7, 26]}}, {"model": "orders.orderproduct", "pk": 6, "fields": {"order": 43, "payment": 5, "user": 1, "product": 2, "quantity": 2, "product_price": 34.0, "ordered": true, "created_at": "2025-01-09T00:05:46.722Z", "updated_at": "2025-01-09T00:05:48.746Z", "variations": [6, 24]}}, {"model": "orders.orderproduct", "pk": 7, "fields": {"order": 44, "payment": 6, "user": 1, "product": 1, "quantity": 1, "product_price": 36.0, "ordered": true, "created_at": "2025-01-09T17:27:56.124Z", "updated_at": "2025-01-09T17:27:58.074Z", "variations": [1, 21]}}, {"model": "orders.orderproduct", "pk": 8, "fields": {"order": 45, "payment": 7, "user": 1, "product": 1, "quantity": 1, "product_price": 36.0, "ordered": true, "created_at": "2025-01-09T17:35:54.286Z", "updated_at": "2025-01-09T17:36:00.375Z", "variations": [1, 21]}}, {"model": "orders.orderproduct", "pk": 9, "fields": {"order": 46, "payment": 8, "user": 1, "product": 6, "quantity": 1, "product_price": 70.0, "ordered": true, "created_at": "2025-01-09T17:51:02.445Z", "updated_at": "2025-01-09T17:51:03.818Z", "variations": [15, 35]}}, {"model": "orders.orderproduct", "pk": 10, "fields": {"order": 47, "payment": 9, "user": 1, "product": 7, "quantity": 1, "product_price": 120.0, "ordered": true, "created_at": "2025-01-09T17:56:38.644Z", "updated_at": "2025-01-09T17:56:40.175Z", "variations": [17, 37]}}, {"model": "orders.orderproduct", "pk": 11, "fields": {"order": 49, "payment": 10, "user": 1, "product": 8, "quantity": 2, "product_price": 99.0, "ordered": true, "created_at": "2025-01-10T04:26:44.605Z", "updated_at": "2025-01-10T04:26:46.942Z", "variations": [19, 41]}}, {"model": "admin_honeypot.loginattempt", "pk": 1, "fields": {"username": "billgateokoye@gmail.com", "ip_address": "127.0.0.1", "session_key": "wemtkj3dfo73k7nvrs60m4p3ni5b0n5d", "user_agent": "Mozilla/5.0 (Windows NT 10.0; Win64; x64) AppleWebKit/537.36 (KHTML, like Gecko) Chrome/131.0.0.0 Safari/537.36", "timestamp": "2025-01-09T16:21:55.185Z", "path": "/admin/login/?next=/admin/"}}]